timestamp,engine_id,mission_id,rpm,cht,egt,oil_pressure,oil_temperature,fuel_flow,vibration,battery_voltage,alternator_current,injection_timing,throttle,altitude,ambient_temperature,ambient_pressure,engine_load
2026-09-20T08:00:00Z,AEGIS-ENG-001,MSN-SYN-NORM,5654,145.0,822.8,4.44,108.5,28.9,3.46,28.3,41.7,25.7,100,1000,20.0,976,96.0
2026-09-20T08:00:01Z,AEGIS-ENG-001,MSN-SYN-NORM,5661,143.7,823.8,4.47,108.7,28.7,3.41,28.3,40.8,25.7,100,1025,20.0,975,96.0
2026-09-20T08:00:02Z,AEGIS-ENG-001,MSN-SYN-NORM,5641,145.9,819.6,4.43,108.7,28.7,3.54,28.1,41.6,25.7,100,1050,19.9,974,96.0
2026-09-20T08:00:03Z,AEGIS-ENG-001,MSN-SYN-NORM,5639,145.2,823.8,4.41,107.5,28.6,3.40,28.2,41.4,25.7,100,1075,19.9,973,96.0
2026-09-20T08:00:04Z,AEGIS-ENG-001,MSN-SYN-NORM,5651,146.2,820.5,4.43,108.0,28.7,3.47,28.1,41.8,25.7,100,1100,19.8,973,96.0
2026-09-20T08:00:05Z,AEGIS-ENG-001,MSN-SYN-NORM,5652,145.4,820.5,4.49,108.6,28.6,3.37,28.3,41.3,25.7,100,1125,19.8,972,96.0
2026-09-20T08:00:06Z,AEGIS-ENG-001,MSN-SYN-NORM,5658,143.6,819.9,4.44,108.0,29.1,3.41,28.3,40.9,25.7,100,1150,19.7,971,96.0
2026-09-20T08:00:07Z,AEGIS-ENG-001,MSN-SYN-NORM,5658,144.4,824.3,4.46,107.7,28.9,3.51,28.3,41.7,25.7,100,1175,19.7,970,96.0
2026-09-20T08:00:08Z,AEGIS-ENG-001,MSN-SYN-NORM,5638,144.2,821.3,4.45,107.6,28.8,3.51,28.1,41.0,25.7,100,1200,19.6,969,96.0
2026-09-20T08:00:09Z,AEGIS-ENG-001,MSN-SYN-NORM,5636,145.0,824.0,4.50,108.4,28.7,3.44,28.1,41.0,25.7,100,1225,19.6,968,96.0
2026-09-20T08:00:10Z,AEGIS-ENG-001,MSN-SYN-NORM,5661,145.5,822.5,4.49,107.8,29.0,3.56,28.1,41.5,25.7,100,1250,19.5,967,96.0
2026-09-20T08:00:11Z,AEGIS-ENG-001,MSN-SYN-NORM,5640,145.0,822.1,4.41,107.6,29.0,3.56,28.2,40.8,25.7,100,1275,19.5,966,96.0
2026-09-20T08:00:12Z,AEGIS-ENG-001,MSN-SYN-NORM,5667,144.5,820.6,4.45,108.3,28.7,3.38,28.1,41.5,25.7,100,1300,19.4,965,96.0
2026-09-20T08:00:13Z,AEGIS-ENG-001,MSN-SYN-NORM,5655,145.9,821.0,4.47,107.4,28.7,3.48,28.2,41.2,25.7,100,1325,19.4,964,96.0
2026-09-20T08:00:14Z,AEGIS-ENG-001,MSN-SYN-NORM,5657,143.9,823.5,4.45,107.5,28.8,3.53,28.1,41.6,25.7,100,1350,19.3,964,96.0
2026-09-20T08:00:15Z,AEGIS-ENG-001,MSN-SYN-NORM,5649,146.0,822.6,4.40,108.3,28.5,3.39,28.1,41.5,25.7,100,1375,19.3,963,96.0
2026-09-20T08:00:16Z,AEGIS-ENG-001,MSN-SYN-NORM,5663,144.5,820.7,4.43,109.2,28.7,3.52,28.3,41.3,25.7,100,1400,19.2,962,96.0
2026-09-20T08:00:17Z,AEGIS-ENG-001,MSN-SYN-NORM,5649,143.6,824.4,4.41,107.4,29.0,3.56,28.1,41.2,25.7,100,1425,19.2,961,96.0
2026-09-20T08:00:18Z,AEGIS-ENG-001,MSN-SYN-NORM,5643,145.6,821.9,4.46,108.2,28.5,3.54,28.3,41.4,25.7,100,1450,19.1,960,96.0
2026-09-20T08:00:19Z,AEGIS-ENG-001,MSN-SYN-NORM,5635,145.1,818.7,4.40,107.9,28.9,3.46,28.1,40.9,25.7,100,1475,19.1,959,96.0
2026-09-20T08:00:20Z,AEGIS-ENG-001,MSN-SYN-NORM,5652,145.9,819.2,4.49,108.1,28.5,3.48,28.1,41.2,25.7,100,1500,19.0,958,96.0
2026-09-20T08:00:21Z,AEGIS-ENG-001,MSN-SYN-NORM,5651,146.1,821.3,4.48,107.7,28.9,3.38,28.2,40.9,25.7,100,1525,19.0,957,96.0
2026-09-20T08:00:22Z,AEGIS-ENG-001,MSN-SYN-NORM,5638,144.4,820.7,4.48,109.0,28.9,3.36,28.3,41.0,25.7,100,1550,18.9,956,96.0
2026-09-20T08:00:23Z,AEGIS-ENG-001,MSN-SYN-NORM,5641,143.6,823.0,4.44,109.1,28.9,3.43,28.2,41.2,25.7,100,1575,18.9,956,96.0
2026-09-20T08:00:24Z,AEGIS-ENG-001,MSN-SYN-NORM,5632,145.6,819.8,4.44,107.3,28.7,3.52,28.2,41.3,25.7,100,1600,18.8,955,96.0
2026-09-20T08:00:25Z,AEGIS-ENG-001,MSN-SYN-NORM,5649,145.6,821.2,4.40,107.6,29.0,3.48,28.2,41.4,25.7,100,1625,18.8,954,96.0
2026-09-20T08:00:26Z,AEGIS-ENG-001,MSN-SYN-NORM,5666,144.2,820.7,4.51,108.1,28.6,3.43,28.1,40.8,25.7,100,1650,18.7,953,96.0
2026-09-20T08:00:27Z,AEGIS-ENG-001,MSN-SYN-NORM,5639,144.8,818.7,4.48,107.9,29.0,3.56,28.2,41.7,25.7,100,1675,18.7,952,96.0
2026-09-20T08:00:28Z,AEGIS-ENG-001,MSN-SYN-NORM,5661,145.5,819.8,4.41,108.6,28.5,3.48,28.2,41.2,25.7,100,1700,18.6,951,96.0
2026-09-20T08:00:29Z,AEGIS-ENG-001,MSN-SYN-NORM,5640,143.4,822.6,4.45,107.3,28.7,3.47,28.2,41.1,25.7,100,1725,18.6,950,96.0
2026-09-20T08:00:30Z,AEGIS-ENG-001,MSN-SYN-NORM,5669,145.5,822.7,4.43,108.2,28.8,3.53,28.2,41.2,25.7,100,1750,18.5,949,96.0
2026-09-20T08:00:31Z,AEGIS-ENG-001,MSN-SYN-NORM,5664,145.7,822.5,4.46,109.0,28.8,3.45,28.2,41.6,25.7,100,1775,18.5,949,96.0
2026-09-20T08:00:32Z,AEGIS-ENG-001,MSN-SYN-NORM,5643,143.8,820.9,4.51,108.7,28.8,3.48,28.1,40.9,25.7,100,1800,18.4,948,96.0
2026-09-20T08:00:33Z,AEGIS-ENG-001,MSN-SYN-NORM,5645,143.3,819.8,4.48,109.1,28.7,3.45,28.2,41.1,25.7,100,1825,18.4,947,96.0
2026-09-20T08:00:34Z,AEGIS-ENG-001,MSN-SYN-NORM,5634,144.9,820.4,4.46,107.9,28.6,3.40,28.2,41.5,25.7,100,1850,18.3,946,96.0
2026-09-20T08:00:35Z,AEGIS-ENG-001,MSN-SYN-NORM,5652,145.2,819.1,4.44,108.5,28.9,3.55,28.2,41.7,25.7,100,1875,18.3,945,96.0
2026-09-20T08:00:36Z,AEGIS-ENG-001,MSN-SYN-NORM,5668,144.9,818.6,4.45,107.7,28.6,3.46,28.2,41.4,25.7,100,1900,18.2,944,96.0
2026-09-20T08:00:37Z,AEGIS-ENG-001,MSN-SYN-NORM,5637,144.7,823.9,4.48,108.8,28.9,3.45,28.2,40.8,25.7,100,1925,18.2,943,96.0
2026-09-20T08:00:38Z,AEGIS-ENG-001,MSN-SYN-NORM,5661,145.8,819.7,4.44,108.2,28.9,3.55,28.1,41.4,25.7,100,1950,18.1,942,96.0
2026-09-20T08:00:39Z,AEGIS-ENG-001,MSN-SYN-NORM,5663,144.1,821.6,4.47,107.3,28.7,3.40,28.3,41.4,25.7,100,1975,18.1,942,96.0
2026-09-20T08:00:40Z,AEGIS-ENG-001,MSN-SYN-NORM,5657,143.5,822.4,4.51,108.0,29.1,3.47,28.2,41.2,25.7,100,2000,18.0,941,96.0
2026-09-20T08:00:41Z,AEGIS-ENG-001,MSN-SYN-NORM,5652,145.8,822.5,4.47,108.1,28.6,3.55,28.2,41.6,25.7,100,2025,18.0,940,96.0
2026-09-20T08:00:42Z,AEGIS-ENG-001,MSN-SYN-NORM,5643,143.2,824.2,4.47,107.8,28.6,3.46,28.3,41.3,25.7,100,2050,17.9,939,96.0
2026-09-20T08:00:43Z,AEGIS-ENG-001,MSN-SYN-NORM,5634,144.1,821.8,4.46,108.3,28.7,3.46,28.2,41.2,25.7,100,2075,17.9,938,96.0
2026-09-20T08:00:44Z,AEGIS-ENG-001,MSN-SYN-NORM,5648,145.8,821.9,4.49,109.0,28.9,3.55,28.3,41.1,25.7,100,2100,17.8,937,96.0
2026-09-20T08:00:45Z,AEGIS-ENG-001,MSN-SYN-NORM,5638,145.2,821.2,4.43,108.8,28.6,3.38,28.1,41.4,25.7,100,2125,17.8,936,96.0
2026-09-20T08:00:46Z,AEGIS-ENG-001,MSN-SYN-NORM,5640,143.2,822.1,4.43,108.6,28.9,3.42,28.2,41.0,25.7,100,2150,17.7,935,96.0
2026-09-20T08:00:47Z,AEGIS-ENG-001,MSN-SYN-NORM,5660,145.6,818.6,4.43,107.8,29.0,3.39,28.2,41.7,25.7,100,2175,17.7,935,96.0
2026-09-20T08:00:48Z,AEGIS-ENG-001,MSN-SYN-NORM,5636,144.6,821.7,4.47,108.6,28.7,3.53,28.3,41.0,25.7,100,2200,17.6,934,96.0
2026-09-20T08:00:49Z,AEGIS-ENG-001,MSN-SYN-NORM,5657,144.7,821.2,4.42,107.7,28.9,3.41,28.2,41.6,25.7,100,2225,17.6,933,96.0
2026-09-20T08:00:50Z,AEGIS-ENG-001,MSN-SYN-NORM,5649,144.5,818.9,4.46,108.8,28.6,3.49,28.2,41.5,25.7,100,2250,17.5,932,96.0
2026-09-20T08:00:51Z,AEGIS-ENG-001,MSN-SYN-NORM,5630,143.6,820.8,4.48,107.3,28.7,3.38,28.2,41.0,25.7,100,2275,17.5,931,96.0
2026-09-20T08:00:52Z,AEGIS-ENG-001,MSN-SYN-NORM,5658,143.8,821.2,4.49,109.1,28.6,3.39,28.2,41.6,25.7,100,2300,17.4,930,96.0
2026-09-20T08:00:53Z,AEGIS-ENG-001,MSN-SYN-NORM,5665,143.6,823.1,4.46,108.2,28.9,3.46,28.1,41.6,25.7,100,2325,17.4,929,96.0
2026-09-20T08:00:54Z,AEGIS-ENG-001,MSN-SYN-NORM,5632,144.3,819.6,4.47,107.4,28.6,3.41,28.2,41.1,25.7,100,2350,17.3,929,96.0
2026-09-20T08:00:55Z,AEGIS-ENG-001,MSN-SYN-NORM,5642,143.6,820.9,4.51,107.5,29.1,3.38,28.2,41.4,25.7,100,2375,17.3,928,96.0
2026-09-20T08:00:56Z,AEGIS-ENG-001,MSN-SYN-NORM,5650,143.6,823.6,4.47,108.4,28.9,3.54,28.2,40.8,25.7,100,2400,17.2,927,96.0
2026-09-20T08:00:57Z,AEGIS-ENG-001,MSN-SYN-NORM,5669,144.9,818.6,4.47,108.3,28.6,3.44,28.3,40.9,25.7,100,2425,17.2,926,96.0
2026-09-20T08:00:58Z,AEGIS-ENG-001,MSN-SYN-NORM,5634,144.3,820.2,4.47,108.9,29.0,3.39,28.2,41.5,25.7,100,2450,17.1,925,96.0
2026-09-20T08:00:59Z,AEGIS-ENG-001,MSN-SYN-NORM,5657,145.1,823.2,4.44,107.9,28.6,3.43,28.2,41.4,25.7,100,2475,17.1,924,96.0
2026-09-20T08:01:00Z,AEGIS-ENG-001,MSN-SYN-NORM,5159,136.6,790.3,4.33,101.5,25.7,3.26,28.3,38.3,25.4,85,2500,17.1,923,82.0
2026-09-20T08:01:01Z,AEGIS-ENG-001,MSN-SYN-NORM,5159,135.4,790.6,4.27,101.7,25.6,3.41,28.3,38.5,25.4,85,2535,17.0,922,82.0
2026-09-20T08:01:02Z,AEGIS-ENG-001,MSN-SYN-NORM,5146,135.5,792.1,4.26,101.3,25.4,3.42,28.2,38.9,25.4,85,2570,16.9,921,82.0
2026-09-20T08:01:03Z,AEGIS-ENG-001,MSN-SYN-NORM,5140,137.9,789.5,4.26,102.8,25.6,3.25,28.2,38.5,25.4,85,2605,16.8,920,82.0
2026-09-20T08:01:04Z,AEGIS-ENG-001,MSN-SYN-NORM,5149,137.7,791.3,4.27,102.5,25.6,3.28,28.2,38.9,25.4,85,2640,16.8,919,82.0
2026-09-20T08:01:05Z,AEGIS-ENG-001,MSN-SYN-NORM,5144,135.6,792.0,4.28,101.1,25.5,3.37,28.2,38.3,25.4,85,2675,16.7,917,82.0
2026-09-20T08:01:06Z,AEGIS-ENG-001,MSN-SYN-NORM,5145,135.8,791.5,4.26,102.4,25.5,3.27,28.2,38.4,25.4,85,2710,16.6,916,82.0
2026-09-20T08:01:07Z,AEGIS-ENG-001,MSN-SYN-NORM,5150,137.2,793.9,4.25,101.6,25.7,3.41,28.2,38.5,25.4,85,2745,16.6,915,82.0
2026-09-20T08:01:08Z,AEGIS-ENG-001,MSN-SYN-NORM,5155,136.6,791.1,4.34,101.8,25.8,3.27,28.2,38.8,25.4,85,2780,16.5,914,82.0
2026-09-20T08:01:09Z,AEGIS-ENG-001,MSN-SYN-NORM,5152,136.2,789.9,4.29,101.4,25.9,3.41,28.2,38.6,25.4,85,2815,16.4,913,82.0
2026-09-20T08:01:10Z,AEGIS-ENG-001,MSN-SYN-NORM,5142,135.5,793.3,4.34,100.9,25.9,3.33,28.1,39.1,25.4,85,2850,16.4,912,82.0
2026-09-20T08:01:11Z,AEGIS-ENG-001,MSN-SYN-NORM,5151,135.5,794.1,4.30,102.7,25.9,3.34,28.2,38.5,25.4,85,2885,16.3,910,82.0
2026-09-20T08:01:12Z,AEGIS-ENG-001,MSN-SYN-NORM,5145,136.1,789.5,4.27,101.0,25.6,3.44,28.2,39.1,25.4,85,2920,16.2,909,82.0
2026-09-20T08:01:13Z,AEGIS-ENG-001,MSN-SYN-NORM,5144,136.0,791.3,4.27,102.1,25.4,3.29,28.3,38.4,25.4,85,2955,16.1,908,82.0
2026-09-20T08:01:14Z,AEGIS-ENG-001,MSN-SYN-NORM,5165,136.2,789.9,4.28,101.7,25.4,3.43,28.2,39.0,25.4,85,2990,16.1,907,82.0
2026-09-20T08:01:15Z,AEGIS-ENG-001,MSN-SYN-NORM,5161,136.2,792.5,4.28,102.3,25.8,3.43,28.3,39.0,25.4,85,3025,16.0,906,82.0
2026-09-20T08:01:16Z,AEGIS-ENG-001,MSN-SYN-NORM,5155,136.4,793.7,4.28,101.0,25.8,3.32,28.3,38.3,25.4,85,3060,15.9,904,82.0
2026-09-20T08:01:17Z,AEGIS-ENG-001,MSN-SYN-NORM,5159,135.2,793.3,4.35,101.4,25.7,3.40,28.2,38.7,25.4,85,3095,15.9,903,82.0
2026-09-20T08:01:18Z,AEGIS-ENG-001,MSN-SYN-NORM,5142,137.6,793.2,4.26,101.7,25.6,3.36,28.3,39.2,25.4,85,3130,15.8,902,82.0
2026-09-20T08:01:19Z,AEGIS-ENG-001,MSN-SYN-NORM,5139,135.6,790.0,4.26,101.4,25.4,3.34,28.2,39.2,25.4,85,3165,15.7,901,82.0
2026-09-20T08:01:20Z,AEGIS-ENG-001,MSN-SYN-NORM,5146,135.4,793.5,4.35,102.1,25.6,3.26,28.1,39.1,25.4,85,3200,15.7,900,82.0
2026-09-20T08:01:21Z,AEGIS-ENG-001,MSN-SYN-NORM,5147,136.2,793.1,4.29,102.6,25.9,3.38,28.1,38.7,25.4,85,3235,15.6,899,82.0
2026-09-20T08:01:22Z,AEGIS-ENG-001,MSN-SYN-NORM,5158,137.2,789.9,4.29,101.2,25.5,3.30,28.3,38.6,25.4,85,3270,15.5,897,82.0
2026-09-20T08:01:23Z,AEGIS-ENG-001,MSN-SYN-NORM,5164,136.4,790.1,4.27,102.3,25.4,3.32,28.2,38.3,25.4,85,3305,15.5,896,82.0
2026-09-20T08:01:24Z,AEGIS-ENG-001,MSN-SYN-NORM,5149,136.0,789.9,4.32,102.7,25.7,3.38,28.2,38.8,25.4,85,3340,15.4,895,82.0
2026-09-20T08:01:25Z,AEGIS-ENG-001,MSN-SYN-NORM,5137,135.3,792.4,4.35,102.0,25.4,3.35,28.2,38.8,25.4,85,3375,15.3,894,82.0
2026-09-20T08:01:26Z,AEGIS-ENG-001,MSN-SYN-NORM,5157,135.7,789.2,4.36,101.7,25.7,3.36,28.2,39.0,25.4,85,3410,15.2,893,82.0
2026-09-20T08:01:27Z,AEGIS-ENG-001,MSN-SYN-NORM,5144,135.8,794.9,4.34,102.9,25.7,3.40,28.2,39.1,25.4,85,3445,15.2,892,82.0
2026-09-20T08:01:28Z,AEGIS-ENG-001,MSN-SYN-NORM,5156,136.0,791.0,4.26,101.2,25.8,3.41,28.2,39.1,25.4,85,3480,15.1,890,82.0
2026-09-20T08:01:29Z,AEGIS-ENG-001,MSN-SYN-NORM,5165,135.3,793.5,4.36,100.9,25.7,3.42,28.1,38.3,25.4,85,3515,15.0,889,82.0
2026-09-20T08:01:30Z,AEGIS-ENG-001,MSN-SYN-NORM,5161,137.2,792.7,4.28,102.7,25.5,3.43,28.3,38.9,25.4,85,3550,15.0,888,82.0
2026-09-20T08:01:31Z,AEGIS-ENG-001,MSN-SYN-NORM,5152,137.8,795.0,4.27,101.7,25.9,3.35,28.1,38.8,25.4,85,3585,14.9,887,82.0
2026-09-20T08:01:32Z,AEGIS-ENG-001,MSN-SYN-NORM,5144,134.9,791.1,4.31,101.3,25.9,3.32,28.3,39.1,25.4,85,3620,14.8,886,82.0
2026-09-20T08:01:33Z,AEGIS-ENG-001,MSN-SYN-NORM,5157,135.4,792.5,4.34,101.2,25.5,3.34,28.1,39.1,25.4,85,3655,14.8,885,82.0
2026-09-20T08:01:34Z,AEGIS-ENG-001,MSN-SYN-NORM,5162,137.6,789.3,4.28,101.6,25.5,3.36,28.2,38.6,25.4,85,3690,14.7,884,82.0
2026-09-20T08:01:35Z,AEGIS-ENG-001,MSN-SYN-NORM,5150,137.8,790.0,4.27,101.0,25.4,3.27,28.1,38.9,25.4,85,3725,14.6,882,82.0
2026-09-20T08:01:36Z,AEGIS-ENG-001,MSN-SYN-NORM,5150,135.1,794.3,4.29,101.6,25.8,3.35,28.3,39.2,25.4,85,3760,14.6,881,82.0
2026-09-20T08:01:37Z,AEGIS-ENG-001,MSN-SYN-NORM,5156,136.6,791.0,4.30,101.7,25.5,3.33,28.2,38.3,25.4,85,3795,14.5,880,82.0
2026-09-20T08:01:38Z,AEGIS-ENG-001,MSN-SYN-NORM,5154,136.7,790.8,4.31,102.8,25.9,3.41,28.1,38.4,25.4,85,3830,14.4,879,82.0
2026-09-20T08:01:39Z,AEGIS-ENG-001,MSN-SYN-NORM,5140,135.2,790.0,4.26,102.0,25.6,3.44,28.2,38.8,25.4,85,3865,14.3,878,82.0
2026-09-20T08:01:40Z,AEGIS-ENG-001,MSN-SYN-NORM,5138,136.1,794.1,4.30,101.1,25.4,3.36,28.2,39.0,25.4,85,3900,14.3,877,82.0
2026-09-20T08:01:41Z,AEGIS-ENG-001,MSN-SYN-NORM,5155,135.2,793.6,4.31,101.8,25.9,3.36,28.1,38.3,25.4,85,3935,14.2,876,82.0
2026-09-20T08:01:42Z,AEGIS-ENG-001,MSN-SYN-NORM,5138,135.3,791.1,4.32,101.0,25.5,3.40,28.2,38.7,25.4,85,3970,14.1,874,82.0
2026-09-20T08:01:43Z,AEGIS-ENG-001,MSN-SYN-NORM,5143,136.3,792.5,4.25,102.6,25.7,3.42,28.1,38.6,25.4,85,4005,14.1,873,82.0
2026-09-20T08:01:44Z,AEGIS-ENG-001,MSN-SYN-NORM,5146,136.4,794.4,4.33,102.4,25.6,3.25,28.2,38.9,25.4,85,4040,14.0,872,82.0
2026-09-20T08:01:45Z,AEGIS-ENG-001,MSN-SYN-NORM,5148,136.2,793.5,4.26,101.8,25.9,3.26,28.3,39.1,25.4,85,4075,13.9,871,82.0
2026-09-20T08:01:46Z,AEGIS-ENG-001,MSN-SYN-NORM,5156,137.1,794.3,4.27,102.4,25.9,3.44,28.3,38.8,25.4,85,4110,13.9,870,82.0
2026-09-20T08:01:47Z,AEGIS-ENG-001,MSN-SYN-NORM,5156,136.3,794.7,4.30,102.9,25.8,3.41,28.2,38.7,25.4,85,4145,13.8,869,82.0
2026-09-20T08:01:48Z,AEGIS-ENG-001,MSN-SYN-NORM,5142,135.6,795.1,4.28,101.3,25.4,3.41,28.3,39.1,25.4,85,4180,13.7,868,82.0
2026-09-20T08:01:49Z,AEGIS-ENG-001,MSN-SYN-NORM,5148,136.6,791.7,4.28,102.3,25.9,3.43,28.2,38.3,25.4,85,4215,13.7,867,82.0
2026-09-20T08:01:50Z,AEGIS-ENG-001,MSN-SYN-NORM,5137,136.0,791.5,4.32,101.3,25.9,3.43,28.3,38.4,25.4,85,4250,13.6,865,82.0
2026-09-20T08:01:51Z,AEGIS-ENG-001,MSN-SYN-NORM,5141,135.4,790.5,4.33,102.7,25.9,3.38,28.3,38.5,25.4,85,4285,13.5,864,82.0
2026-09-20T08:01:52Z,AEGIS-ENG-001,MSN-SYN-NORM,5147,135.3,790.3,4.26,101.6,25.4,3.40,28.1,39.0,25.4,85,4320,13.4,863,82.0
2026-09-20T08:01:53Z,AEGIS-ENG-001,MSN-SYN-NORM,5145,137.4,790.3,4.28,102.4,25.7,3.38,28.3,39.2,25.4,85,4355,13.4,862,82.0
2026-09-20T08:01:54Z,AEGIS-ENG-001,MSN-SYN-NORM,5141,134.5,793.6,4.31,101.2,25.9,3.41,28.2,38.4,25.4,85,4390,13.3,861,82.0
2026-09-20T08:01:55Z,AEGIS-ENG-001,MSN-SYN-NORM,5147,134.7,791.8,4.29,101.5,25.8,3.38,28.3,39.1,25.4,85,4425,13.2,860,82.0
2026-09-20T08:01:56Z,AEGIS-ENG-001,MSN-SYN-NORM,5164,135.8,790.5,4.35,101.8,25.9,3.43,28.2,38.8,25.4,85,4460,13.2,859,82.0
2026-09-20T08:01:57Z,AEGIS-ENG-001,MSN-SYN-NORM,5160,134.8,791.4,4.29,102.0,25.5,3.41,28.1,38.6,25.4,85,4495,13.1,858,82.0
2026-09-20T08:01:58Z,AEGIS-ENG-001,MSN-SYN-NORM,5162,136.6,790.3,4.28,102.3,25.6,3.43,28.1,38.9,25.4,85,4530,13.0,857,82.0
2026-09-20T08:01:59Z,AEGIS-ENG-001,MSN-SYN-NORM,5164,137.2,789.6,4.34,101.3,25.5,3.39,28.3,38.3,25.4,85,4565,13.0,855,82.0
2026-09-20T08:02:00Z,AEGIS-ENG-001,MSN-SYN-NORM,5142,136.3,790.0,4.29,101.8,25.4,3.36,28.2,39.1,25.4,85,4600,12.9,854,82.0
2026-09-20T08:02:01Z,AEGIS-ENG-001,MSN-SYN-NORM,5147,137.3,789.2,4.33,102.4,25.9,3.42,28.3,39.1,25.4,85,4635,12.8,853,82.0
2026-09-20T08:02:02Z,AEGIS-ENG-001,MSN-SYN-NORM,5152,136.6,791.1,4.28,101.6,25.4,3.38,28.3,38.8,25.4,85,4670,12.8,852,82.0
2026-09-20T08:02:03Z,AEGIS-ENG-001,MSN-SYN-NORM,5137,135.2,794.5,4.34,102.5,25.8,3.37,28.3,38.4,25.4,85,4705,12.7,851,82.0
2026-09-20T08:02:04Z,AEGIS-ENG-001,MSN-SYN-NORM,5147,134.8,795.0,4.34,101.1,25.6,3.27,28.2,38.6,25.4,85,4740,12.6,850,82.0
2026-09-20T08:02:05Z,AEGIS-ENG-001,MSN-SYN-NORM,5162,136.0,794.9,4.34,102.6,25.8,3.25,28.3,39.2,25.4,85,4775,12.5,849,82.0
2026-09-20T08:02:06Z,AEGIS-ENG-001,MSN-SYN-NORM,5160,135.4,789.3,4.30,100.9,25.8,3.30,28.2,38.5,25.4,85,4810,12.5,848,82.0
2026-09-20T08:02:07Z,AEGIS-ENG-001,MSN-SYN-NORM,5138,134.3,790.9,4.29,102.9,25.6,3.31,28.3,39.2,25.4,85,4845,12.4,847,82.0
2026-09-20T08:02:08Z,AEGIS-ENG-001,MSN-SYN-NORM,5159,135.7,792.2,4.26,102.2,25.9,3.29,28.2,38.9,25.4,85,4880,12.3,846,82.0
2026-09-20T08:02:09Z,AEGIS-ENG-001,MSN-SYN-NORM,5141,136.4,789.9,4.30,102.6,25.8,3.27,28.2,38.9,25.4,85,4915,12.3,844,82.0
2026-09-20T08:02:10Z,AEGIS-ENG-001,MSN-SYN-NORM,5154,137.0,792.9,4.34,102.8,25.8,3.38,28.3,39.2,25.4,85,4950,12.2,843,82.0
2026-09-20T08:02:11Z,AEGIS-ENG-001,MSN-SYN-NORM,5154,136.5,791.8,4.33,102.9,25.9,3.35,28.2,38.3,25.4,85,4985,12.1,842,82.0
2026-09-20T08:02:12Z,AEGIS-ENG-001,MSN-SYN-NORM,5147,136.7,794.0,4.34,101.7,25.5,3.33,28.2,39.2,25.4,85,5020,12.1,841,82.0
2026-09-20T08:02:13Z,AEGIS-ENG-001,MSN-SYN-NORM,5160,137.1,791.4,4.34,101.5,25.4,3.39,28.3,39.2,25.4,85,5055,12.0,840,82.0
2026-09-20T08:02:14Z,AEGIS-ENG-001,MSN-SYN-NORM,5159,134.3,792.9,4.30,101.8,25.4,3.28,28.2,38.8,25.4,85,5090,11.9,839,82.0
2026-09-20T08:02:15Z,AEGIS-ENG-001,MSN-SYN-NORM,5155,137.0,789.3,4.26,101.5,25.7,3.38,28.2,39.2,25.4,85,5125,11.9,838,82.0
2026-09-20T08:02:16Z,AEGIS-ENG-001,MSN-SYN-NORM,5136,136.4,790.1,4.24,101.5,25.7,3.42,28.2,39.2,25.4,85,5160,11.8,837,82.0
2026-09-20T08:02:17Z,AEGIS-ENG-001,MSN-SYN-NORM,5153,136.3,794.9,4.35,102.6,25.9,3.42,28.2,38.4,25.4,85,5195,11.7,836,82.0
2026-09-20T08:02:18Z,AEGIS-ENG-001,MSN-SYN-NORM,5161,135.6,794.7,4.30,102.2,25.7,3.41,28.2,38.8,25.4,85,5230,11.6,835,82.0
2026-09-20T08:02:19Z,AEGIS-ENG-001,MSN-SYN-NORM,5140,136.7,793.1,4.25,102.1,25.4,3.35,28.2,39.2,25.4,85,5265,11.6,834,82.0
2026-09-20T08:02:20Z,AEGIS-ENG-001,MSN-SYN-NORM,5156,134.7,789.4,4.36,101.0,25.6,3.34,28.1,38.7,25.4,85,5300,11.5,832,82.0
2026-09-20T08:02:21Z,AEGIS-ENG-001,MSN-SYN-NORM,5143,134.7,794.6,4.32,102.8,25.4,3.37,28.2,38.7,25.4,85,5335,11.4,831,82.0
2026-09-20T08:02:22Z,AEGIS-ENG-001,MSN-SYN-NORM,5154,135.8,791.1,4.31,100.9,25.8,3.37,28.2,38.7,25.4,85,5370,11.4,830,82.0
2026-09-20T08:02:23Z,AEGIS-ENG-001,MSN-SYN-NORM,5135,134.8,792.1,4.26,101.0,25.4,3.32,28.2,39.2,25.4,85,5405,11.3,829,82.0
2026-09-20T08:02:24Z,AEGIS-ENG-001,MSN-SYN-NORM,5137,134.1,793.5,4.27,102.5,25.7,3.25,28.3,38.8,25.4,85,5440,11.2,828,82.0
2026-09-20T08:02:25Z,AEGIS-ENG-001,MSN-SYN-NORM,5141,134.3,790.4,4.32,102.6,25.8,3.41,28.1,39.2,25.4,85,5475,11.2,827,82.0
2026-09-20T08:02:26Z,AEGIS-ENG-001,MSN-SYN-NORM,5140,136.8,790.8,4.29,101.7,25.4,3.40,28.2,38.7,25.4,85,5510,11.1,826,82.0
2026-09-20T08:02:27Z,AEGIS-ENG-001,MSN-SYN-NORM,5157,134.0,789.5,4.32,101.9,25.9,3.33,28.1,39.0,25.4,85,5545,11.0,825,82.0
2026-09-20T08:02:28Z,AEGIS-ENG-001,MSN-SYN-NORM,5137,134.8,794.5,4.27,102.4,25.8,3.36,28.2,38.5,25.4,85,5580,11.0,824,82.0
2026-09-20T08:02:29Z,AEGIS-ENG-001,MSN-SYN-NORM,5161,134.1,793.7,4.35,101.5,25.7,3.36,28.2,38.3,25.4,85,5615,10.9,823,82.0
2026-09-20T08:02:30Z,AEGIS-ENG-001,MSN-SYN-NORM,5156,134.5,789.3,4.27,102.5,25.7,3.35,28.2,39.1,25.4,85,5650,10.8,822,82.0
2026-09-20T08:02:31Z,AEGIS-ENG-001,MSN-SYN-NORM,5162,135.3,792.8,4.33,102.5,25.4,3.40,28.2,38.9,25.4,85,5685,10.7,821,82.0
2026-09-20T08:02:32Z,AEGIS-ENG-001,MSN-SYN-NORM,5153,134.7,790.4,4.28,101.6,25.9,3.41,28.3,38.6,25.4,85,5720,10.7,820,82.0
2026-09-20T08:02:33Z,AEGIS-ENG-001,MSN-SYN-NORM,5157,136.7,792.2,4.31,101.3,25.4,3.30,28.2,38.6,25.4,85,5755,10.6,819,82.0
2026-09-20T08:02:34Z,AEGIS-ENG-001,MSN-SYN-NORM,5144,135.9,793.2,4.31,101.4,25.9,3.25,28.1,38.9,25.4,85,5790,10.5,817,82.0
2026-09-20T08:02:35Z,AEGIS-ENG-001,MSN-SYN-NORM,5141,135.3,793.7,4.32,101.6,25.4,3.35,28.3,38.5,25.4,85,5825,10.5,816,82.0
2026-09-20T08:02:36Z,AEGIS-ENG-001,MSN-SYN-NORM,5141,136.4,792.7,4.32,101.7,25.6,3.34,28.3,38.6,25.4,85,5860,10.4,815,82.0
2026-09-20T08:02:37Z,AEGIS-ENG-001,MSN-SYN-NORM,5150,135.6,792.8,4.28,102.1,25.5,3.43,28.3,38.9,25.4,85,5895,10.3,814,82.0
2026-09-20T08:02:38Z,AEGIS-ENG-001,MSN-SYN-NORM,5152,135.5,791.5,4.34,100.9,25.8,3.43,28.1,39.1,25.4,85,5930,10.3,813,82.0
2026-09-20T08:02:39Z,AEGIS-ENG-001,MSN-SYN-NORM,5161,136.1,793.2,4.30,102.4,25.8,3.39,28.3,39.0,25.4,85,5965,10.2,812,82.0
2026-09-20T08:02:40Z,AEGIS-ENG-001,MSN-SYN-NORM,5146,135.5,793.8,4.28,101.9,25.7,3.30,28.2,39.0,25.4,85,6000,10.1,811,82.0
2026-09-20T08:02:41Z,AEGIS-ENG-001,MSN-SYN-NORM,5137,135.3,794.4,4.27,102.2,25.6,3.33,28.2,38.4,25.4,85,6035,10.1,810,82.0
2026-09-20T08:02:42Z,AEGIS-ENG-001,MSN-SYN-NORM,5151,136.4,795.2,4.32,102.5,25.7,3.44,28.2,38.4,25.4,85,6070,10.0,809,82.0
2026-09-20T08:02:43Z,AEGIS-ENG-001,MSN-SYN-NORM,5157,136.0,789.8,4.32,102.5,25.6,3.34,28.2,38.8,25.4,85,6105,9.9,808,82.0
2026-09-20T08:02:44Z,AEGIS-ENG-001,MSN-SYN-NORM,5147,135.9,790.4,4.28,101.0,25.6,3.30,28.1,38.6,25.4,85,6140,9.8,807,82.0
2026-09-20T08:02:45Z,AEGIS-ENG-001,MSN-SYN-NORM,5150,135.7,793.9,4.34,102.3,25.6,3.29,28.3,38.9,25.4,85,6175,9.8,806,82.0
2026-09-20T08:02:46Z,AEGIS-ENG-001,MSN-SYN-NORM,5164,135.1,794.8,4.35,101.6,25.9,3.33,28.1,38.4,25.4,85,6210,9.7,805,82.0
2026-09-20T08:02:47Z,AEGIS-ENG-001,MSN-SYN-NORM,5161,134.4,790.1,4.31,102.5,25.7,3.31,28.3,38.5,25.4,85,6245,9.6,804,82.0
2026-09-20T08:02:48Z,AEGIS-ENG-001,MSN-SYN-NORM,5162,136.0,789.2,4.26,101.8,25.9,3.35,28.2,39.2,25.4,85,6280,9.6,803,82.0
2026-09-20T08:02:49Z,AEGIS-ENG-001,MSN-SYN-NORM,5136,134.8,790.3,4.30,101.1,25.8,3.36,28.1,38.5,25.4,85,6315,9.5,802,82.0
2026-09-20T08:02:50Z,AEGIS-ENG-001,MSN-SYN-NORM,5158,134.2,791.9,4.32,101.8,25.9,3.38,28.2,38.9,25.4,85,6350,9.4,801,82.0
2026-09-20T08:02:51Z,AEGIS-ENG-001,MSN-SYN-NORM,5164,134.9,789.6,4.30,101.5,25.5,3.41,28.1,38.6,25.4,85,6385,9.4,800,82.0
2026-09-20T08:02:52Z,AEGIS-ENG-001,MSN-SYN-NORM,5146,134.2,789.7,4.35,102.8,25.6,3.29,28.3,38.4,25.4,85,6420,9.3,799,82.0
2026-09-20T08:02:53Z,AEGIS-ENG-001,MSN-SYN-NORM,5160,135.6,789.7,4.28,102.9,25.5,3.27,28.2,38.3,25.4,85,6455,9.2,798,82.0
2026-09-20T08:02:54Z,AEGIS-ENG-001,MSN-SYN-NORM,5153,134.6,792.0,4.27,101.9,25.5,3.32,28.2,38.3,25.4,85,6490,9.1,797,82.0
2026-09-20T08:02:55Z,AEGIS-ENG-001,MSN-SYN-NORM,5151,133.8,792.7,4.28,102.3,25.8,3.29,28.3,39.1,25.4,85,6525,9.1,796,82.0
2026-09-20T08:02:56Z,AEGIS-ENG-001,MSN-SYN-NORM,5157,134.1,793.2,4.31,101.9,25.4,3.44,28.1,38.5,25.4,85,6560,9.0,794,82.0
2026-09-20T08:02:57Z,AEGIS-ENG-001,MSN-SYN-NORM,5160,135.9,790.4,4.35,101.6,25.7,3.32,28.3,39.1,25.4,85,6595,8.9,793,82.0
2026-09-20T08:02:58Z,AEGIS-ENG-001,MSN-SYN-NORM,5155,136.1,792.4,4.25,102.6,25.4,3.35,28.3,38.9,25.4,85,6630,8.9,792,82.0
2026-09-20T08:02:59Z,AEGIS-ENG-001,MSN-SYN-NORM,5161,135.8,789.3,4.36,102.5,25.6,3.25,28.2,38.5,25.4,85,6665,8.8,791,82.0
2026-09-20T08:03:00Z,AEGIS-ENG-001,MSN-SYN-NORM,4635,126.6,764.2,4.18,95.9,22.4,3.16,28.2,35.9,25.0,65,6700,8.7,790,68.0
2026-09-20T08:03:01Z,AEGIS-ENG-001,MSN-SYN-NORM,4644,127.2,762.1,4.15,95.2,22.5,3.21,28.3,36.4,25.0,65,6700,8.7,790,68.0
2026-09-20T08:03:02Z,AEGIS-ENG-001,MSN-SYN-NORM,4653,126.8,762.3,4.17,96.4,22.3,3.24,28.1,36.2,25.0,65,6700,8.7,790,68.0
2026-09-20T08:03:03Z,AEGIS-ENG-001,MSN-SYN-NORM,4658,128.5,765.5,4.15,96.6,22.5,3.21,28.3,36.0,25.1,65,6700,8.7,790,68.0
2026-09-20T08:03:04Z,AEGIS-ENG-001,MSN-SYN-NORM,4661,127.2,761.8,4.11,95.4,22.7,3.28,28.3,36.1,25.1,65,6700,8.7,790,68.0
2026-09-20T08:03:05Z,AEGIS-ENG-001,MSN-SYN-NORM,4661,126.5,763.7,4.12,96.5,22.7,3.15,28.1,36.1,25.1,65,6700,8.7,790,68.0
2026-09-20T08:03:06Z,AEGIS-ENG-001,MSN-SYN-NORM,4660,128.4,761.5,4.10,94.9,22.4,3.22,28.3,36.4,25.1,65,6700,8.7,790,68.0
2026-09-20T08:03:07Z,AEGIS-ENG-001,MSN-SYN-NORM,4640,127.6,761.3,4.15,95.1,22.5,3.18,28.3,36.2,25.0,65,6700,8.7,790,68.0
2026-09-20T08:03:08Z,AEGIS-ENG-001,MSN-SYN-NORM,4661,126.8,763.1,4.12,96.1,22.3,3.13,28.2,36.5,25.1,65,6700,8.7,790,68.0
2026-09-20T08:03:09Z,AEGIS-ENG-001,MSN-SYN-NORM,4662,128.9,765.4,4.18,95.8,22.6,3.14,28.2,36.3,25.1,65,6700,8.7,790,68.0
2026-09-20T08:03:10Z,AEGIS-ENG-001,MSN-SYN-NORM,4645,126.4,763.1,4.18,95.1,22.5,3.28,28.2,35.9,25.0,65,6700,8.7,790,68.0
2026-09-20T08:03:11Z,AEGIS-ENG-001,MSN-SYN-NORM,4647,126.4,765.1,4.16,95.6,22.6,3.21,28.2,36.2,25.0,65,6700,8.7,790,68.0
2026-09-20T08:03:12Z,AEGIS-ENG-001,MSN-SYN-NORM,4659,128.4,759.8,4.17,95.6,22.6,3.20,28.2,35.9,25.1,65,6700,8.7,790,68.0
2026-09-20T08:03:13Z,AEGIS-ENG-001,MSN-SYN-NORM,4646,127.1,762.3,4.14,95.8,22.6,3.19,28.3,35.9,25.0,65,6700,8.7,790,68.0
2026-09-20T08:03:14Z,AEGIS-ENG-001,MSN-SYN-NORM,4657,127.6,760.0,4.12,96.3,22.5,3.17,28.3,35.8,25.1,65,6700,8.7,790,68.0
2026-09-20T08:03:15Z,AEGIS-ENG-001,MSN-SYN-NORM,4635,126.3,762.1,4.15,94.6,22.3,3.27,28.3,36.6,25.0,65,6700,8.7,790,68.0
2026-09-20T08:03:16Z,AEGIS-ENG-001,MSN-SYN-NORM,4661,127.1,763.5,4.13,96.4,22.3,3.17,28.2,35.8,25.1,65,6700,8.7,790,68.0
2026-09-20T08:03:17Z,AEGIS-ENG-001,MSN-SYN-NORM,4664,127.9,761.0,4.18,95.1,22.2,3.25,28.3,36.3,25.1,65,6700,8.7,790,68.0
2026-09-20T08:03:18Z,AEGIS-ENG-001,MSN-SYN-NORM,4636,128.1,762.6,4.11,95.9,22.3,3.15,28.2,36.7,25.0,65,6700,8.7,790,68.0
2026-09-20T08:03:19Z,AEGIS-ENG-001,MSN-SYN-NORM,4655,128.5,762.5,4.16,96.2,22.5,3.25,28.2,36.5,25.0,65,6700,8.7,790,68.0
2026-09-20T08:03:20Z,AEGIS-ENG-001,MSN-SYN-NORM,4640,126.6,763.0,4.19,94.9,22.6,3.24,28.2,36.3,25.0,65,6700,8.7,790,68.0
2026-09-20T08:03:21Z,AEGIS-ENG-001,MSN-SYN-NORM,4650,127.8,760.5,4.13,95.3,22.2,3.21,28.3,36.1,25.0,65,6700,8.7,790,68.0
2026-09-20T08:03:22Z,AEGIS-ENG-001,MSN-SYN-NORM,4642,128.0,762.8,4.12,96.4,22.7,3.29,28.3,36.5,25.0,65,6700,8.7,790,68.0
2026-09-20T08:03:23Z,AEGIS-ENG-001,MSN-SYN-NORM,4638,127.1,764.1,4.12,95.4,22.3,3.22,28.1,36.1,25.0,65,6700,8.7,790,68.0
2026-09-20T08:03:24Z,AEGIS-ENG-001,MSN-SYN-NORM,4640,128.2,762.4,4.09,95.1,22.4,3.16,28.2,35.8,25.0,65,6700,8.7,790,68.0
2026-09-20T08:03:25Z,AEGIS-ENG-001,MSN-SYN-NORM,4642,126.4,760.1,4.16,95.9,22.7,3.16,28.3,35.9,25.0,65,6700,8.7,790,68.0
2026-09-20T08:03:26Z,AEGIS-ENG-001,MSN-SYN-NORM,4656,127.6,762.0,4.15,96.6,22.3,3.32,28.1,36.4,25.1,65,6700,8.7,790,68.0
2026-09-20T08:03:27Z,AEGIS-ENG-001,MSN-SYN-NORM,4640,128.2,764.0,4.13,96.4,22.3,3.16,28.2,36.4,25.0,65,6700,8.7,790,68.0
2026-09-20T08:03:28Z,AEGIS-ENG-001,MSN-SYN-NORM,4640,128.1,762.2,4.18,96.0,22.7,3.30,28.2,36.1,25.0,65,6700,8.7,790,68.0
2026-09-20T08:03:29Z,AEGIS-ENG-001,MSN-SYN-NORM,4636,127.1,763.4,4.11,95.6,22.3,3.14,28.1,35.8,25.0,65,6700,8.7,790,68.0
2026-09-20T08:03:30Z,AEGIS-ENG-001,MSN-SYN-NORM,4643,126.1,763.2,4.12,94.8,22.3,3.31,28.2,36.5,25.0,65,6700,8.7,790,68.0
2026-09-20T08:03:31Z,AEGIS-ENG-001,MSN-SYN-NORM,4641,127.0,760.9,4.14,95.7,22.4,3.13,28.2,36.2,25.0,65,6700,8.7,790,68.0
2026-09-20T08:03:32Z,AEGIS-ENG-001,MSN-SYN-NORM,4660,126.5,764.8,4.15,95.8,22.6,3.19,28.1,35.8,25.1,65,6700,8.7,790,68.0
2026-09-20T08:03:33Z,AEGIS-ENG-001,MSN-SYN-NORM,4646,126.5,760.7,4.17,96.6,22.6,3.25,28.2,36.3,25.0,65,6700,8.7,790,68.0
2026-09-20T08:03:34Z,AEGIS-ENG-001,MSN-SYN-NORM,4643,127.5,765.6,4.11,95.6,22.7,3.28,28.1,36.1,25.0,65,6700,8.7,790,68.0
2026-09-20T08:03:35Z,AEGIS-ENG-001,MSN-SYN-NORM,4637,126.2,762.4,4.13,96.0,22.3,3.31,28.3,36.5,25.0,65,6700,8.7,790,68.0
2026-09-20T08:03:36Z,AEGIS-ENG-001,MSN-SYN-NORM,4636,126.3,760.3,4.10,94.9,22.6,3.30,28.3,35.8,25.0,65,6700,8.7,790,68.0
2026-09-20T08:03:37Z,AEGIS-ENG-001,MSN-SYN-NORM,4648,128.2,760.5,4.14,96.1,22.4,3.19,28.3,36.4,25.0,65,6700,8.7,790,68.0
2026-09-20T08:03:38Z,AEGIS-ENG-001,MSN-SYN-NORM,4659,127.5,765.1,4.11,94.9,22.7,3.21,28.2,36.5,25.1,65,6700,8.7,790,68.0
2026-09-20T08:03:39Z,AEGIS-ENG-001,MSN-SYN-NORM,4657,127.2,761.2,4.11,94.9,22.7,3.32,28.3,36.6,25.1,65,6700,8.7,790,68.0
2026-09-20T08:03:40Z,AEGIS-ENG-001,MSN-SYN-NORM,4661,128.8,764.7,4.10,95.3,22.7,3.14,28.1,35.8,25.1,65,6700,8.7,790,68.0
2026-09-20T08:03:41Z,AEGIS-ENG-001,MSN-SYN-NORM,4653,128.2,763.0,4.13,95.9,22.7,3.20,28.2,36.5,25.0,65,6700,8.7,790,68.0
2026-09-20T08:03:42Z,AEGIS-ENG-001,MSN-SYN-NORM,4636,127.4,763.1,4.17,95.9,22.7,3.14,28.3,36.1,25.0,65,6700,8.7,790,68.0
2026-09-20T08:03:43Z,AEGIS-ENG-001,MSN-SYN-NORM,4645,126.7,760.6,4.16,95.1,22.5,3.32,28.3,36.5,25.0,65,6700,8.7,790,68.0
2026-09-20T08:03:44Z,AEGIS-ENG-001,MSN-SYN-NORM,4654,128.0,760.4,4.14,95.9,22.3,3.15,28.2,36.0,25.0,65,6700,8.7,790,68.0
2026-09-20T08:03:45Z,AEGIS-ENG-001,MSN-SYN-NORM,4654,128.1,764.7,4.17,94.8,22.4,3.23,28.3,36.5,25.0,65,6700,8.7,790,68.0
2026-09-20T08:03:46Z,AEGIS-ENG-001,MSN-SYN-NORM,4642,126.4,759.9,4.11,96.4,22.6,3.15,28.2,36.7,25.0,65,6700,8.7,790,68.0
2026-09-20T08:03:47Z,AEGIS-ENG-001,MSN-SYN-NORM,4637,128.8,760.9,4.14,96.2,22.8,3.20,28.2,35.8,25.0,65,6700,8.7,790,68.0
2026-09-20T08:03:48Z,AEGIS-ENG-001,MSN-SYN-NORM,4659,128.8,765.2,4.15,95.9,22.8,3.15,28.1,36.5,25.1,65,6700,8.7,790,68.0
2026-09-20T08:03:49Z,AEGIS-ENG-001,MSN-SYN-NORM,4637,126.4,760.6,4.16,95.3,22.3,3.26,28.2,35.9,25.0,65,6700,8.7,790,68.0
2026-09-20T08:03:50Z,AEGIS-ENG-001,MSN-SYN-NORM,4647,128.8,764.0,4.16,95.9,22.5,3.31,28.3,36.7,25.0,65,6700,8.7,790,68.0
2026-09-20T08:03:51Z,AEGIS-ENG-001,MSN-SYN-NORM,4659,128.8,765.5,4.09,95.4,22.3,3.30,28.1,36.2,25.1,65,6700,8.7,790,68.0
2026-09-20T08:03:52Z,AEGIS-ENG-001,MSN-SYN-NORM,4658,128.9,762.3,4.12,95.5,22.2,3.32,28.2,36.1,25.1,65,6700,8.7,790,68.0
2026-09-20T08:03:53Z,AEGIS-ENG-001,MSN-SYN-NORM,4649,126.2,765.7,4.20,94.9,22.6,3.18,28.1,35.8,25.0,65,6700,8.7,790,68.0
2026-09-20T08:03:54Z,AEGIS-ENG-001,MSN-SYN-NORM,4649,128.4,760.4,4.12,95.7,22.5,3.16,28.2,35.8,25.0,65,6700,8.7,790,68.0
2026-09-20T08:03:55Z,AEGIS-ENG-001,MSN-SYN-NORM,4637,127.3,762.8,4.17,95.8,22.8,3.19,28.2,36.7,25.0,65,6700,8.7,790,68.0
2026-09-20T08:03:56Z,AEGIS-ENG-001,MSN-SYN-NORM,4647,126.1,763.4,4.15,96.2,22.7,3.31,28.1,36.1,25.0,65,6700,8.7,790,68.0
2026-09-20T08:03:57Z,AEGIS-ENG-001,MSN-SYN-NORM,4636,128.4,764.2,4.14,95.8,22.5,3.13,28.3,36.5,25.0,65,6700,8.7,790,68.0
2026-09-20T08:03:58Z,AEGIS-ENG-001,MSN-SYN-NORM,4645,128.4,763.9,4.09,95.7,22.6,3.19,28.2,35.8,25.0,65,6700,8.7,790,68.0
2026-09-20T08:03:59Z,AEGIS-ENG-001,MSN-SYN-NORM,4659,127.7,761.7,4.14,95.8,22.4,3.14,28.1,36.0,25.1,65,6700,8.7,790,68.0
2026-09-20T08:04:00Z,AEGIS-ENG-001,MSN-SYN-NORM,4655,127.0,764.9,4.19,96.0,22.6,3.23,28.2,36.1,25.0,65,6700,8.7,790,68.0
2026-09-20T08:04:01Z,AEGIS-ENG-001,MSN-SYN-NORM,4661,128.9,765.5,4.17,95.3,22.5,3.24,28.2,35.8,25.1,65,6700,8.7,790,68.0
2026-09-20T08:04:02Z,AEGIS-ENG-001,MSN-SYN-NORM,4648,127.9,762.9,4.11,96.6,22.5,3.24,28.2,35.8,25.0,65,6700,8.7,790,68.0
2026-09-20T08:04:03Z,AEGIS-ENG-001,MSN-SYN-NORM,4642,127.1,763.1,4.16,96.3,22.6,3.14,28.1,36.5,25.0,65,6700,8.7,790,68.0
2026-09-20T08:04:04Z,AEGIS-ENG-001,MSN-SYN-NORM,4646,127.8,764.5,4.18,96.4,22.2,3.16,28.3,35.9,25.0,65,6700,8.7,790,68.0
2026-09-20T08:04:05Z,AEGIS-ENG-001,MSN-SYN-NORM,4640,126.2,764.5,4.12,95.0,22.7,3.19,28.3,35.8,25.0,65,6700,8.7,790,68.0
2026-09-20T08:04:06Z,AEGIS-ENG-001,MSN-SYN-NORM,4644,128.7,763.6,4.16,95.6,22.3,3.18,28.3,36.7,25.0,65,6700,8.7,790,68.0
2026-09-20T08:04:07Z,AEGIS-ENG-001,MSN-SYN-NORM,4639,126.3,760.7,4.12,95.1,22.5,3.13,28.2,36.3,25.0,65,6700,8.7,790,68.0
2026-09-20T08:04:08Z,AEGIS-ENG-001,MSN-SYN-NORM,4650,128.2,765.3,4.17,95.5,22.4,3.24,28.2,36.5,25.0,65,6700,8.7,790,68.0
2026-09-20T08:04:09Z,AEGIS-ENG-001,MSN-SYN-NORM,4645,127.2,762.6,4.18,95.8,22.3,3.21,28.2,36.6,25.0,65,6700,8.7,790,68.0
2026-09-20T08:04:10Z,AEGIS-ENG-001,MSN-SYN-NORM,4656,127.2,760.7,4.14,95.8,22.3,3.24,28.2,36.3,25.1,65,6700,8.7,790,68.0
2026-09-20T08:04:11Z,AEGIS-ENG-001,MSN-SYN-NORM,4647,127.3,764.0,4.14,95.5,22.4,3.12,28.2,36.1,25.0,65,6700,8.7,790,68.0
2026-09-20T08:04:12Z,AEGIS-ENG-001,MSN-SYN-NORM,4642,128.1,762.7,4.10,95.5,22.6,3.18,28.3,36.0,25.0,65,6700,8.7,790,68.0
2026-09-20T08:04:13Z,AEGIS-ENG-001,MSN-SYN-NORM,4639,128.3,764.4,4.15,95.6,22.4,3.13,28.2,36.1,25.0,65,6700,8.7,790,68.0
2026-09-20T08:04:14Z,AEGIS-ENG-001,MSN-SYN-NORM,4654,129.0,764.1,4.17,95.3,22.5,3.14,28.1,35.8,25.0,65,6700,8.7,790,68.0
2026-09-20T08:04:15Z,AEGIS-ENG-001,MSN-SYN-NORM,4657,127.4,761.8,4.19,95.3,22.4,3.19,28.2,36.7,25.1,65,6700,8.7,790,68.0
2026-09-20T08:04:16Z,AEGIS-ENG-001,MSN-SYN-NORM,4636,128.1,762.4,4.16,96.0,22.4,3.24,28.3,36.3,25.0,65,6700,8.7,790,68.0
2026-09-20T08:04:17Z,AEGIS-ENG-001,MSN-SYN-NORM,4636,126.5,761.1,4.10,95.6,22.7,3.17,28.2,36.1,25.0,65,6700,8.7,790,68.0
2026-09-20T08:04:18Z,AEGIS-ENG-001,MSN-SYN-NORM,4649,126.6,763.8,4.10,96.4,22.6,3.29,28.1,36.3,25.0,65,6700,8.7,790,68.0
2026-09-20T08:04:19Z,AEGIS-ENG-001,MSN-SYN-NORM,4646,127.1,762.2,4.18,94.7,22.6,3.23,28.2,36.2,25.0,65,6700,8.7,790,68.0
2026-09-20T08:04:20Z,AEGIS-ENG-001,MSN-SYN-NORM,4647,126.8,760.6,4.15,95.8,22.7,3.25,28.3,35.8,25.0,65,6700,8.7,790,68.0
2026-09-20T08:04:21Z,AEGIS-ENG-001,MSN-SYN-NORM,4635,126.1,762.2,4.10,95.4,22.5,3.20,28.2,36.4,25.0,65,6700,8.7,790,68.0
2026-09-20T08:04:22Z,AEGIS-ENG-001,MSN-SYN-NORM,4644,129.0,760.7,4.14,95.3,22.6,3.14,28.2,35.8,25.0,65,6700,8.7,790,68.0
2026-09-20T08:04:23Z,AEGIS-ENG-001,MSN-SYN-NORM,4643,126.2,762.0,4.14,96.4,22.3,3.20,28.3,35.9,25.0,65,6700,8.7,790,68.0
2026-09-20T08:04:24Z,AEGIS-ENG-001,MSN-SYN-NORM,4661,126.8,764.3,4.17,95.3,22.5,3.18,28.3,36.1,25.1,65,6700,8.7,790,68.0
2026-09-20T08:04:25Z,AEGIS-ENG-001,MSN-SYN-NORM,4638,128.1,761.3,4.09,94.8,22.7,3.31,28.1,36.3,25.0,65,6700,8.7,790,68.0
2026-09-20T08:04:26Z,AEGIS-ENG-001,MSN-SYN-NORM,4639,127.4,763.5,4.17,95.5,22.4,3.23,28.3,36.3,25.0,65,6700,8.7,790,68.0
2026-09-20T08:04:27Z,AEGIS-ENG-001,MSN-SYN-NORM,4653,128.8,761.3,4.18,94.6,22.5,3.30,28.3,35.8,25.0,65,6700,8.7,790,68.0
2026-09-20T08:04:28Z,AEGIS-ENG-001,MSN-SYN-NORM,4646,128.8,760.1,4.09,95.6,22.8,3.19,28.1,36.5,25.0,65,6700,8.7,790,68.0
2026-09-20T08:04:29Z,AEGIS-ENG-001,MSN-SYN-NORM,4643,126.9,761.8,4.19,95.0,22.4,3.30,28.1,36.6,25.0,65,6700,8.7,790,68.0
2026-09-20T08:04:30Z,AEGIS-ENG-001,MSN-SYN-NORM,4640,128.1,761.0,4.12,95.4,22.3,3.28,28.2,36.0,25.0,65,6700,8.7,790,68.0
2026-09-20T08:04:31Z,AEGIS-ENG-001,MSN-SYN-NORM,4655,126.7,765.4,4.14,96.4,22.4,3.15,28.3,36.4,25.0,65,6700,8.7,790,68.0
2026-09-20T08:04:32Z,AEGIS-ENG-001,MSN-SYN-NORM,4636,126.6,762.4,4.15,94.6,22.5,3.29,28.2,36.6,25.0,65,6700,8.7,790,68.0
2026-09-20T08:04:33Z,AEGIS-ENG-001,MSN-SYN-NORM,4642,128.6,760.4,4.11,96.1,22.4,3.14,28.1,35.9,25.0,65,6700,8.7,790,68.0
2026-09-20T08:04:34Z,AEGIS-ENG-001,MSN-SYN-NORM,4647,128.3,763.9,4.10,95.7,22.2,3.21,28.3,35.9,25.0,65,6700,8.7,790,68.0
2026-09-20T08:04:35Z,AEGIS-ENG-001,MSN-SYN-NORM,4650,126.8,759.9,4.14,94.9,22.8,3.32,28.1,36.1,25.0,65,6700,8.7,790,68.0
2026-09-20T08:04:36Z,AEGIS-ENG-001,MSN-SYN-NORM,4641,127.3,760.0,4.11,95.9,22.5,3.18,28.3,36.6,25.0,65,6700,8.7,790,68.0
2026-09-20T08:04:37Z,AEGIS-ENG-001,MSN-SYN-NORM,4665,127.3,760.0,4.17,94.9,22.4,3.15,28.3,36.2,25.1,65,6700,8.7,790,68.0
2026-09-20T08:04:38Z,AEGIS-ENG-001,MSN-SYN-NORM,4644,127.4,763.2,4.14,96.5,22.4,3.17,28.2,36.6,25.0,65,6700,8.7,790,68.0
2026-09-20T08:04:39Z,AEGIS-ENG-001,MSN-SYN-NORM,4657,126.1,762.9,4.12,95.4,22.8,3.19,28.2,36.4,25.1,65,6700,8.7,790,68.0
2026-09-20T08:04:40Z,AEGIS-ENG-001,MSN-SYN-NORM,4659,128.3,760.6,4.13,94.9,22.3,3.15,28.2,36.3,25.1,65,6700,8.7,790,68.0
2026-09-20T08:04:41Z,AEGIS-ENG-001,MSN-SYN-NORM,4636,128.6,761.8,4.08,95.9,22.5,3.14,28.2,36.6,25.0,65,6700,8.7,790,68.0
2026-09-20T08:04:42Z,AEGIS-ENG-001,MSN-SYN-NORM,4644,128.3,763.7,4.17,96.5,22.6,3.15,28.3,36.3,25.0,65,6700,8.7,790,68.0
2026-09-20T08:04:43Z,AEGIS-ENG-001,MSN-SYN-NORM,4639,127.1,763.3,4.13,95.9,22.6,3.20,28.2,36.4,25.0,65,6700,8.7,790,68.0
2026-09-20T08:04:44Z,AEGIS-ENG-001,MSN-SYN-NORM,4657,127.2,761.1,4.14,94.6,22.5,3.28,28.3,36.6,25.1,65,6700,8.7,790,68.0
2026-09-20T08:04:45Z,AEGIS-ENG-001,MSN-SYN-NORM,4650,127.9,763.8,4.18,95.4,22.8,3.31,28.2,36.2,25.0,65,6700,8.7,790,68.0
2026-09-20T08:04:46Z,AEGIS-ENG-001,MSN-SYN-NORM,4640,127.2,763.1,4.19,94.9,22.6,3.22,28.2,36.6,25.0,65,6700,8.7,790,68.0
2026-09-20T08:04:47Z,AEGIS-ENG-001,MSN-SYN-NORM,4644,126.4,764.7,4.18,96.0,22.2,3.15,28.1,36.3,25.0,65,6700,8.7,790,68.0
2026-09-20T08:04:48Z,AEGIS-ENG-001,MSN-SYN-NORM,4661,126.2,762.6,4.11,96.4,22.7,3.29,28.2,36.1,25.1,65,6700,8.7,790,68.0
2026-09-20T08:04:49Z,AEGIS-ENG-001,MSN-SYN-NORM,4650,128.1,763.1,4.17,95.5,22.8,3.29,28.3,36.2,25.0,65,6700,8.7,790,68.0
2026-09-20T08:04:50Z,AEGIS-ENG-001,MSN-SYN-NORM,4664,127.9,761.3,4.15,96.4,22.4,3.14,28.1,36.3,25.1,65,6700,8.7,790,68.0
2026-09-20T08:04:51Z,AEGIS-ENG-001,MSN-SYN-NORM,4655,126.0,760.6,4.17,96.2,22.7,3.21,28.3,35.8,25.0,65,6700,8.7,790,68.0
2026-09-20T08:04:52Z,AEGIS-ENG-001,MSN-SYN-NORM,4647,127.8,765.1,4.12,95.8,22.6,3.14,28.1,35.8,25.0,65,6700,8.7,790,68.0
2026-09-20T08:04:53Z,AEGIS-ENG-001,MSN-SYN-NORM,4644,126.2,761.7,4.14,95.7,22.3,3.19,28.3,35.8,25.0,65,6700,8.7,790,68.0
2026-09-20T08:04:54Z,AEGIS-ENG-001,MSN-SYN-NORM,4664,126.6,761.6,4.20,95.7,22.2,3.16,28.1,36.3,25.1,65,6700,8.7,790,68.0
2026-09-20T08:04:55Z,AEGIS-ENG-001,MSN-SYN-NORM,4639,127.0,763.1,4.14,96.5,22.5,3.19,28.2,36.1,25.0,65,6700,8.7,790,68.0
2026-09-20T08:04:56Z,AEGIS-ENG-001,MSN-SYN-NORM,4638,127.2,765.0,4.18,94.9,22.8,3.26,28.2,35.8,25.0,65,6700,8.7,790,68.0
2026-09-20T08:04:57Z,AEGIS-ENG-001,MSN-SYN-NORM,4635,127.2,760.6,4.10,94.8,22.7,3.13,28.3,36.4,25.0,65,6700,8.7,790,68.0
2026-09-20T08:04:58Z,AEGIS-ENG-001,MSN-SYN-NORM,4661,126.4,763.4,4.18,95.0,22.4,3.21,28.2,36.0,25.1,65,6700,8.7,790,68.0
2026-09-20T08:04:59Z,AEGIS-ENG-001,MSN-SYN-NORM,4665,128.6,763.0,4.16,96.3,22.4,3.15,28.2,36.1,25.1,65,6700,8.7,790,68.0
2026-09-20T08:05:00Z,AEGIS-ENG-001,MSN-SYN-NORM,4662,128.6,762.0,4.10,96.2,22.6,3.17,28.2,36.6,25.1,65,6700,8.7,790,68.0
2026-09-20T08:05:01Z,AEGIS-ENG-001,MSN-SYN-NORM,4646,128.9,763.2,4.18,95.5,22.2,3.20,28.1,36.2,25.0,65,6700,8.7,790,68.0
2026-09-20T08:05:02Z,AEGIS-ENG-001,MSN-SYN-NORM,4644,127.2,763.1,4.11,95.3,22.7,3.23,28.1,36.0,25.0,65,6700,8.7,790,68.0
2026-09-20T08:05:03Z,AEGIS-ENG-001,MSN-SYN-NORM,4636,128.8,763.8,4.11,95.4,22.4,3.26,28.2,36.7,25.0,65,6700,8.7,790,68.0
2026-09-20T08:05:04Z,AEGIS-ENG-001,MSN-SYN-NORM,4661,127.0,762.3,4.18,95.2,22.5,3.20,28.2,35.9,25.1,65,6700,8.7,790,68.0
2026-09-20T08:05:05Z,AEGIS-ENG-001,MSN-SYN-NORM,4656,128.0,762.4,4.16,95.8,22.2,3.15,28.2,35.9,25.1,65,6700,8.7,790,68.0
2026-09-20T08:05:06Z,AEGIS-ENG-001,MSN-SYN-NORM,4664,127.3,763.9,4.17,95.7,22.4,3.17,28.3,36.4,25.1,65,6700,8.7,790,68.0
2026-09-20T08:05:07Z,AEGIS-ENG-001,MSN-SYN-NORM,4653,127.8,763.8,4.18,95.4,22.4,3.15,28.1,36.1,25.0,65,6700,8.7,790,68.0
2026-09-20T08:05:08Z,AEGIS-ENG-001,MSN-SYN-NORM,4637,126.8,763.5,4.14,95.7,22.4,3.13,28.2,35.9,25.0,65,6700,8.7,790,68.0
2026-09-20T08:05:09Z,AEGIS-ENG-001,MSN-SYN-NORM,4636,127.0,764.8,4.17,96.1,22.6,3.19,28.1,36.5,25.0,65,6700,8.7,790,68.0
2026-09-20T08:05:10Z,AEGIS-ENG-001,MSN-SYN-NORM,4647,126.1,761.1,4.11,94.9,22.7,3.30,28.2,36.7,25.0,65,6700,8.7,790,68.0
2026-09-20T08:05:11Z,AEGIS-ENG-001,MSN-SYN-NORM,4662,128.1,760.8,4.10,95.5,22.6,3.13,28.1,35.9,25.1,65,6700,8.7,790,68.0
2026-09-20T08:05:12Z,AEGIS-ENG-001,MSN-SYN-NORM,4646,128.8,760.1,4.17,96.4,22.8,3.19,28.2,36.5,25.0,65,6700,8.7,790,68.0
2026-09-20T08:05:13Z,AEGIS-ENG-001,MSN-SYN-NORM,4653,128.1,765.5,4.17,95.2,22.8,3.18,28.1,36.0,25.0,65,6700,8.7,790,68.0
2026-09-20T08:05:14Z,AEGIS-ENG-001,MSN-SYN-NORM,4648,127.2,763.2,4.11,96.5,22.6,3.20,28.1,36.3,25.0,65,6700,8.7,790,68.0
2026-09-20T08:05:15Z,AEGIS-ENG-001,MSN-SYN-NORM,4653,126.3,764.7,4.19,96.0,22.3,3.17,28.2,36.1,25.0,65,6700,8.7,790,68.0
2026-09-20T08:05:16Z,AEGIS-ENG-001,MSN-SYN-NORM,4656,127.2,762.7,4.10,95.2,22.4,3.23,28.2,35.8,25.1,65,6700,8.7,790,68.0
2026-09-20T08:05:17Z,AEGIS-ENG-001,MSN-SYN-NORM,4639,127.9,760.4,4.16,96.6,22.3,3.20,28.2,35.8,25.0,65,6700,8.7,790,68.0
2026-09-20T08:05:18Z,AEGIS-ENG-001,MSN-SYN-NORM,4649,127.6,761.0,4.16,95.9,22.2,3.25,28.3,36.1,25.0,65,6700,8.7,790,68.0
2026-09-20T08:05:19Z,AEGIS-ENG-001,MSN-SYN-NORM,4653,126.1,762.4,4.14,96.3,22.3,3.19,28.2,36.2,25.0,65,6700,8.7,790,68.0
2026-09-20T08:05:20Z,AEGIS-ENG-001,MSN-SYN-NORM,4636,127.1,762.0,4.12,96.2,22.8,3.24,28.2,36.1,25.0,65,6700,8.7,790,68.0
2026-09-20T08:05:21Z,AEGIS-ENG-001,MSN-SYN-NORM,4664,128.0,760.2,4.11,95.3,22.7,3.18,28.1,35.8,25.1,65,6700,8.7,790,68.0
2026-09-20T08:05:22Z,AEGIS-ENG-001,MSN-SYN-NORM,4649,129.0,762.1,4.11,94.6,22.5,3.32,28.2,36.3,25.0,65,6700,8.7,790,68.0
2026-09-20T08:05:23Z,AEGIS-ENG-001,MSN-SYN-NORM,4649,127.3,763.2,4.18,96.1,22.7,3.26,28.2,36.4,25.0,65,6700,8.7,790,68.0
2026-09-20T08:05:24Z,AEGIS-ENG-001,MSN-SYN-NORM,4637,128.9,760.3,4.13,95.3,22.6,3.29,28.3,36.2,25.0,65,6700,8.7,790,68.0
2026-09-20T08:05:25Z,AEGIS-ENG-001,MSN-SYN-NORM,4636,127.4,760.0,4.11,95.1,22.5,3.19,28.2,36.0,25.0,65,6700,8.7,790,68.0
2026-09-20T08:05:26Z,AEGIS-ENG-001,MSN-SYN-NORM,4658,129.0,765.3,4.09,95.0,22.4,3.31,28.1,35.8,25.1,65,6700,8.7,790,68.0
2026-09-20T08:05:27Z,AEGIS-ENG-001,MSN-SYN-NORM,4639,127.0,762.7,4.19,95.6,22.4,3.20,28.1,35.8,25.0,65,6700,8.7,790,68.0
2026-09-20T08:05:28Z,AEGIS-ENG-001,MSN-SYN-NORM,4648,128.9,761.7,4.13,95.1,22.2,3.26,28.2,36.1,25.0,65,6700,8.7,790,68.0
2026-09-20T08:05:29Z,AEGIS-ENG-001,MSN-SYN-NORM,4642,128.3,765.5,4.08,96.2,22.6,3.18,28.2,36.5,25.0,65,6700,8.7,790,68.0
2026-09-20T08:05:30Z,AEGIS-ENG-001,MSN-SYN-NORM,4639,126.1,762.2,4.20,96.5,22.4,3.13,28.2,35.9,25.0,65,6700,8.7,790,68.0
2026-09-20T08:05:31Z,AEGIS-ENG-001,MSN-SYN-NORM,4660,126.3,763.8,4.12,94.8,22.8,3.13,28.3,36.5,25.1,65,6700,8.7,790,68.0
2026-09-20T08:05:32Z,AEGIS-ENG-001,MSN-SYN-NORM,4652,129.0,765.4,4.10,95.0,22.6,3.31,28.2,36.6,25.0,65,6700,8.7,790,68.0
2026-09-20T08:05:33Z,AEGIS-ENG-001,MSN-SYN-NORM,4652,128.1,763.5,4.14,96.2,22.7,3.25,28.1,36.0,25.0,65,6700,8.7,790,68.0
2026-09-20T08:05:34Z,AEGIS-ENG-001,MSN-SYN-NORM,4649,127.8,762.2,4.16,95.3,22.5,3.29,28.1,36.7,25.0,65,6700,8.7,790,68.0
2026-09-20T08:05:35Z,AEGIS-ENG-001,MSN-SYN-NORM,4657,127.9,763.2,4.11,95.5,22.4,3.29,28.3,35.8,25.1,65,6700,8.7,790,68.0
2026-09-20T08:05:36Z,AEGIS-ENG-001,MSN-SYN-NORM,4641,127.1,762.3,4.11,96.2,22.7,3.24,28.3,36.6,25.0,65,6700,8.7,790,68.0
2026-09-20T08:05:37Z,AEGIS-ENG-001,MSN-SYN-NORM,4648,126.3,762.6,4.14,95.9,22.5,3.28,28.2,35.9,25.0,65,6700,8.7,790,68.0
2026-09-20T08:05:38Z,AEGIS-ENG-001,MSN-SYN-NORM,4651,126.1,762.4,4.17,95.6,22.7,3.29,28.1,35.9,25.0,65,6700,8.7,790,68.0
2026-09-20T08:05:39Z,AEGIS-ENG-001,MSN-SYN-NORM,4661,126.8,762.7,4.12,95.9,22.6,3.20,28.3,36.5,25.1,65,6700,8.7,790,68.0
2026-09-20T08:05:40Z,AEGIS-ENG-001,MSN-SYN-NORM,4653,127.2,760.7,4.14,95.1,22.6,3.16,28.2,36.4,25.0,65,6700,8.7,790,68.0
2026-09-20T08:05:41Z,AEGIS-ENG-001,MSN-SYN-NORM,4654,126.8,764.6,4.14,95.5,22.7,3.13,28.2,36.0,25.0,65,6700,8.7,790,68.0
2026-09-20T08:05:42Z,AEGIS-ENG-001,MSN-SYN-NORM,4643,129.0,763.4,4.10,96.0,22.3,3.31,28.1,36.1,25.0,65,6700,8.7,790,68.0
2026-09-20T08:05:43Z,AEGIS-ENG-001,MSN-SYN-NORM,4656,127.3,762.0,4.16,94.9,22.7,3.30,28.1,36.1,25.1,65,6700,8.7,790,68.0
2026-09-20T08:05:44Z,AEGIS-ENG-001,MSN-SYN-NORM,4652,126.7,762.8,4.13,95.4,22.4,3.22,28.1,36.5,25.0,65,6700,8.7,790,68.0
2026-09-20T08:05:45Z,AEGIS-ENG-001,MSN-SYN-NORM,4635,127.1,763.8,4.13,95.1,22.3,3.25,28.2,35.8,25.0,65,6700,8.7,790,68.0
2026-09-20T08:05:46Z,AEGIS-ENG-001,MSN-SYN-NORM,4653,127.0,761.0,4.14,95.7,22.6,3.15,28.2,36.4,25.0,65,6700,8.7,790,68.0
2026-09-20T08:05:47Z,AEGIS-ENG-001,MSN-SYN-NORM,4641,127.7,761.1,4.17,96.4,22.2,3.24,28.2,35.9,25.0,65,6700,8.7,790,68.0
2026-09-20T08:05:48Z,AEGIS-ENG-001,MSN-SYN-NORM,4645,127.3,764.3,4.11,96.5,22.7,3.19,28.3,36.1,25.0,65,6700,8.7,790,68.0
2026-09-20T08:05:49Z,AEGIS-ENG-001,MSN-SYN-NORM,4663,128.6,765.8,4.16,95.6,22.2,3.31,28.1,36.1,25.1,65,6700,8.7,790,68.0
2026-09-20T08:05:50Z,AEGIS-ENG-001,MSN-SYN-NORM,4665,126.3,763.2,4.15,95.7,22.5,3.20,28.2,36.0,25.1,65,6700,8.7,790,68.0
2026-09-20T08:05:51Z,AEGIS-ENG-001,MSN-SYN-NORM,4646,129.0,765.7,4.10,96.5,22.7,3.18,28.2,36.6,25.0,65,6700,8.7,790,68.0
2026-09-20T08:05:52Z,AEGIS-ENG-001,MSN-SYN-NORM,4662,127.7,762.9,4.13,96.3,22.8,3.14,28.2,36.7,25.1,65,6700,8.7,790,68.0
2026-09-20T08:05:53Z,AEGIS-ENG-001,MSN-SYN-NORM,4655,128.4,763.5,4.11,96.5,22.4,3.14,28.2,36.1,25.0,65,6700,8.7,790,68.0
2026-09-20T08:05:54Z,AEGIS-ENG-001,MSN-SYN-NORM,4645,128.4,763.2,4.10,95.2,22.8,3.16,28.2,36.3,25.0,65,6700,8.7,790,68.0
2026-09-20T08:05:55Z,AEGIS-ENG-001,MSN-SYN-NORM,4638,128.2,763.9,4.11,94.7,22.4,3.14,28.1,36.1,25.0,65,6700,8.7,790,68.0
2026-09-20T08:05:56Z,AEGIS-ENG-001,MSN-SYN-NORM,4665,127.0,765.7,4.13,96.4,22.5,3.27,28.2,36.5,25.1,65,6700,8.7,790,68.0
2026-09-20T08:05:57Z,AEGIS-ENG-001,MSN-SYN-NORM,4644,128.7,759.9,4.12,94.8,22.6,3.19,28.1,36.4,25.0,65,6700,8.7,790,68.0
2026-09-20T08:05:58Z,AEGIS-ENG-001,MSN-SYN-NORM,4658,127.6,764.7,4.10,96.1,22.4,3.21,28.2,35.9,25.1,65,6700,8.7,790,68.0
2026-09-20T08:05:59Z,AEGIS-ENG-001,MSN-SYN-NORM,4660,128.2,760.2,4.10,95.2,22.6,3.30,28.3,36.6,25.1,65,6700,8.7,790,68.0
2026-09-20T08:06:00Z,AEGIS-ENG-001,MSN-SYN-NORM,4656,126.1,760.7,4.11,95.9,22.3,3.24,28.2,36.0,25.1,65,6700,8.7,790,68.0
2026-09-20T08:06:01Z,AEGIS-ENG-001,MSN-SYN-NORM,4648,127.8,763.0,4.15,95.7,22.4,3.20,28.3,36.4,25.0,65,6700,8.7,790,68.0
2026-09-20T08:06:02Z,AEGIS-ENG-001,MSN-SYN-NORM,4656,126.6,760.1,4.18,95.9,22.7,3.22,28.2,36.4,25.1,65,6700,8.7,790,68.0
2026-09-20T08:06:03Z,AEGIS-ENG-001,MSN-SYN-NORM,4657,128.0,760.1,4.16,96.4,22.5,3.29,28.3,36.4,25.1,65,6700,8.7,790,68.0
2026-09-20T08:06:04Z,AEGIS-ENG-001,MSN-SYN-NORM,4648,129.0,764.6,4.16,95.4,22.3,3.28,28.3,35.8,25.0,65,6700,8.7,790,68.0
2026-09-20T08:06:05Z,AEGIS-ENG-001,MSN-SYN-NORM,4637,126.4,761.5,4.17,96.6,22.4,3.18,28.1,35.8,25.0,65,6700,8.7,790,68.0
2026-09-20T08:06:06Z,AEGIS-ENG-001,MSN-SYN-NORM,4652,128.6,765.4,4.14,95.2,22.6,3.25,28.3,36.4,25.0,65,6700,8.7,790,68.0
2026-09-20T08:06:07Z,AEGIS-ENG-001,MSN-SYN-NORM,4659,126.9,765.4,4.12,95.6,22.3,3.29,28.2,36.0,25.1,65,6700,8.7,790,68.0
2026-09-20T08:06:08Z,AEGIS-ENG-001,MSN-SYN-NORM,4639,128.3,760.9,4.10,95.8,22.2,3.31,28.3,36.2,25.0,65,6700,8.7,790,68.0
2026-09-20T08:06:09Z,AEGIS-ENG-001,MSN-SYN-NORM,4657,128.3,763.6,4.16,96.5,22.8,3.26,28.1,36.6,25.1,65,6700,8.7,790,68.0
2026-09-20T08:06:10Z,AEGIS-ENG-001,MSN-SYN-NORM,4656,126.6,761.7,4.14,95.3,22.7,3.24,28.1,36.2,25.1,65,6700,8.7,790,68.0
2026-09-20T08:06:11Z,AEGIS-ENG-001,MSN-SYN-NORM,4638,126.7,762.6,4.12,94.8,22.7,3.29,28.3,36.4,25.0,65,6700,8.7,790,68.0
2026-09-20T08:06:12Z,AEGIS-ENG-001,MSN-SYN-NORM,4639,126.1,765.8,4.19,96.5,22.5,3.13,28.1,36.4,25.0,65,6700,8.7,790,68.0
2026-09-20T08:06:13Z,AEGIS-ENG-001,MSN-SYN-NORM,4639,128.3,762.8,4.14,95.8,22.4,3.30,28.1,36.3,25.0,65,6700,8.7,790,68.0
2026-09-20T08:06:14Z,AEGIS-ENG-001,MSN-SYN-NORM,4636,127.6,763.9,4.13,95.8,22.4,3.31,28.2,36.6,25.0,65,6700,8.7,790,68.0
2026-09-20T08:06:15Z,AEGIS-ENG-001,MSN-SYN-NORM,4637,128.8,762.6,4.10,95.9,22.4,3.29,28.3,36.4,25.0,65,6700,8.7,790,68.0
2026-09-20T08:06:16Z,AEGIS-ENG-001,MSN-SYN-NORM,4649,126.2,760.8,4.20,96.3,22.7,3.32,28.1,35.8,25.0,65,6700,8.7,790,68.0
2026-09-20T08:06:17Z,AEGIS-ENG-001,MSN-SYN-NORM,4665,128.7,764.2,4.14,96.2,22.4,3.20,28.2,36.7,25.1,65,6700,8.7,790,68.0
2026-09-20T08:06:18Z,AEGIS-ENG-001,MSN-SYN-NORM,4641,127.4,761.8,4.11,96.2,22.2,3.18,28.2,36.3,25.0,65,6700,8.7,790,68.0
2026-09-20T08:06:19Z,AEGIS-ENG-001,MSN-SYN-NORM,4642,129.0,762.8,4.10,94.8,22.5,3.29,28.2,36.0,25.0,65,6700,8.7,790,68.0
2026-09-20T08:06:20Z,AEGIS-ENG-001,MSN-SYN-NORM,4640,128.1,765.8,4.15,95.6,22.4,3.20,28.2,36.3,25.0,65,6700,8.7,790,68.0
2026-09-20T08:06:21Z,AEGIS-ENG-001,MSN-SYN-NORM,4640,128.9,761.5,4.11,95.3,22.3,3.27,28.1,36.7,25.0,65,6700,8.7,790,68.0
2026-09-20T08:06:22Z,AEGIS-ENG-001,MSN-SYN-NORM,4638,127.3,761.8,4.15,95.1,22.8,3.31,28.3,36.5,25.0,65,6700,8.7,790,68.0
2026-09-20T08:06:23Z,AEGIS-ENG-001,MSN-SYN-NORM,4642,127.1,764.8,4.18,96.3,22.6,3.19,28.1,36.1,25.0,65,6700,8.7,790,68.0
2026-09-20T08:06:24Z,AEGIS-ENG-001,MSN-SYN-NORM,4655,127.6,763.4,4.17,94.6,22.5,3.21,28.1,36.7,25.0,65,6700,8.7,790,68.0
2026-09-20T08:06:25Z,AEGIS-ENG-001,MSN-SYN-NORM,4639,128.2,765.3,4.16,95.8,22.5,3.18,28.3,35.9,25.0,65,6700,8.7,790,68.0
2026-09-20T08:06:26Z,AEGIS-ENG-001,MSN-SYN-NORM,4662,127.3,764.0,4.19,95.5,22.7,3.23,28.2,35.9,25.1,65,6700,8.7,790,68.0
2026-09-20T08:06:27Z,AEGIS-ENG-001,MSN-SYN-NORM,4637,127.2,762.8,4.13,95.8,22.3,3.29,28.2,35.9,25.0,65,6700,8.7,790,68.0
2026-09-20T08:06:28Z,AEGIS-ENG-001,MSN-SYN-NORM,4657,126.9,762.8,4.16,96.4,22.4,3.14,28.2,36.4,25.1,65,6700,8.7,790,68.0
2026-09-20T08:06:29Z,AEGIS-ENG-001,MSN-SYN-NORM,4656,126.3,765.4,4.18,95.3,22.3,3.16,28.2,36.1,25.1,65,6700,8.7,790,68.0
2026-09-20T08:06:30Z,AEGIS-ENG-001,MSN-SYN-NORM,4635,126.4,762.8,4.14,96.3,22.3,3.16,28.2,36.3,25.0,65,6700,8.7,790,68.0
2026-09-20T08:06:31Z,AEGIS-ENG-001,MSN-SYN-NORM,4640,128.7,760.1,4.18,95.9,22.3,3.14,28.3,36.7,25.0,65,6700,8.7,790,68.0
2026-09-20T08:06:32Z,AEGIS-ENG-001,MSN-SYN-NORM,4646,128.4,761.1,4.12,96.5,22.2,3.20,28.2,35.8,25.0,65,6700,8.7,790,68.0
2026-09-20T08:06:33Z,AEGIS-ENG-001,MSN-SYN-NORM,4660,127.6,764.9,4.19,95.1,22.5,3.18,28.2,35.9,25.1,65,6700,8.7,790,68.0
2026-09-20T08:06:34Z,AEGIS-ENG-001,MSN-SYN-NORM,4665,127.0,759.9,4.12,95.8,22.6,3.22,28.2,36.4,25.1,65,6700,8.7,790,68.0
2026-09-20T08:06:35Z,AEGIS-ENG-001,MSN-SYN-NORM,4646,128.1,765.0,4.09,95.7,22.5,3.17,28.2,36.6,25.0,65,6700,8.7,790,68.0
2026-09-20T08:06:36Z,AEGIS-ENG-001,MSN-SYN-NORM,4658,126.5,762.9,4.16,95.1,22.6,3.15,28.1,36.2,25.1,65,6700,8.7,790,68.0
2026-09-20T08:06:37Z,AEGIS-ENG-001,MSN-SYN-NORM,4640,128.8,761.4,4.13,96.1,22.6,3.28,28.2,36.2,25.0,65,6700,8.7,790,68.0
2026-09-20T08:06:38Z,AEGIS-ENG-001,MSN-SYN-NORM,4645,128.7,765.5,4.15,95.2,22.8,3.31,28.1,36.2,25.0,65,6700,8.7,790,68.0
2026-09-20T08:06:39Z,AEGIS-ENG-001,MSN-SYN-NORM,4665,128.0,761.6,4.16,95.4,22.6,3.26,28.2,36.2,25.1,65,6700,8.7,790,68.0
2026-09-20T08:06:40Z,AEGIS-ENG-001,MSN-SYN-NORM,4639,127.4,760.2,4.13,96.4,22.5,3.31,28.2,36.3,25.0,65,6700,8.7,790,68.0
2026-09-20T08:06:41Z,AEGIS-ENG-001,MSN-SYN-NORM,4649,128.6,760.7,4.11,95.7,22.4,3.18,28.1,36.4,25.0,65,6700,8.7,790,68.0
2026-09-20T08:06:42Z,AEGIS-ENG-001,MSN-SYN-NORM,4641,127.0,762.4,4.10,95.1,22.5,3.27,28.2,36.1,25.0,65,6700,8.7,790,68.0
2026-09-20T08:06:43Z,AEGIS-ENG-001,MSN-SYN-NORM,4640,127.7,763.0,4.12,95.0,22.6,3.15,28.2,35.9,25.0,65,6700,8.7,790,68.0
2026-09-20T08:06:44Z,AEGIS-ENG-001,MSN-SYN-NORM,4640,127.9,760.7,4.10,96.3,22.8,3.20,28.2,36.6,25.0,65,6700,8.7,790,68.0
2026-09-20T08:06:45Z,AEGIS-ENG-001,MSN-SYN-NORM,4662,128.2,762.1,4.11,96.6,22.6,3.20,28.1,36.5,25.1,65,6700,8.7,790,68.0
2026-09-20T08:06:46Z,AEGIS-ENG-001,MSN-SYN-NORM,4659,128.3,764.9,4.12,95.4,22.2,3.17,28.1,35.9,25.1,65,6700,8.7,790,68.0
2026-09-20T08:06:47Z,AEGIS-ENG-001,MSN-SYN-NORM,4648,127.2,760.2,4.19,96.4,22.7,3.19,28.2,35.8,25.0,65,6700,8.7,790,68.0
2026-09-20T08:06:48Z,AEGIS-ENG-001,MSN-SYN-NORM,4637,128.8,765.3,4.13,96.0,22.7,3.28,28.2,36.1,25.0,65,6700,8.7,790,68.0
2026-09-20T08:06:49Z,AEGIS-ENG-001,MSN-SYN-NORM,4650,128.0,764.2,4.13,94.8,22.5,3.30,28.2,36.2,25.0,65,6700,8.7,790,68.0
2026-09-20T08:06:50Z,AEGIS-ENG-001,MSN-SYN-NORM,4636,128.0,762.2,4.11,95.1,22.6,3.24,28.2,36.1,25.0,65,6700,8.7,790,68.0
2026-09-20T08:06:51Z,AEGIS-ENG-001,MSN-SYN-NORM,4644,127.0,765.7,4.16,96.5,22.7,3.31,28.3,35.8,25.0,65,6700,8.7,790,68.0
2026-09-20T08:06:52Z,AEGIS-ENG-001,MSN-SYN-NORM,4651,127.8,761.9,4.10,96.4,22.3,3.18,28.1,36.1,25.0,65,6700,8.7,790,68.0
2026-09-20T08:06:53Z,AEGIS-ENG-001,MSN-SYN-NORM,4641,126.9,761.6,4.15,95.5,22.3,3.26,28.2,36.7,25.0,65,6700,8.7,790,68.0
2026-09-20T08:06:54Z,AEGIS-ENG-001,MSN-SYN-NORM,4636,127.5,760.9,4.09,95.8,22.7,3.13,28.2,36.5,25.0,65,6700,8.7,790,68.0
2026-09-20T08:06:55Z,AEGIS-ENG-001,MSN-SYN-NORM,4654,127.0,765.2,4.11,95.0,22.6,3.17,28.2,35.8,25.0,65,6700,8.7,790,68.0
2026-09-20T08:06:56Z,AEGIS-ENG-001,MSN-SYN-NORM,4639,128.3,760.1,4.17,95.0,22.2,3.32,28.1,36.4,25.0,65,6700,8.7,790,68.0
2026-09-20T08:06:57Z,AEGIS-ENG-001,MSN-SYN-NORM,4638,128.9,761.4,4.09,94.9,22.4,3.27,28.2,36.1,25.0,65,6700,8.7,790,68.0
2026-09-20T08:06:58Z,AEGIS-ENG-001,MSN-SYN-NORM,4641,128.6,762.1,4.14,95.2,22.5,3.23,28.2,36.2,25.0,65,6700,8.7,790,68.0
2026-09-20T08:06:59Z,AEGIS-ENG-001,MSN-SYN-NORM,4645,126.5,763.6,4.14,95.2,22.7,3.21,28.3,35.9,25.0,65,6700,8.7,790,68.0
2026-09-20T08:07:00Z,AEGIS-ENG-001,MSN-SYN-NORM,4649,128.4,764.1,4.11,95.0,22.6,3.28,28.1,36.2,25.0,65,6700,8.7,790,68.0
2026-09-20T08:07:01Z,AEGIS-ENG-001,MSN-SYN-NORM,4637,128.3,760.1,4.12,96.1,22.5,3.25,28.3,36.1,25.0,65,6700,8.7,790,68.0
2026-09-20T08:07:02Z,AEGIS-ENG-001,MSN-SYN-NORM,4651,127.9,761.8,4.13,94.7,22.5,3.26,28.1,36.7,25.0,65,6700,8.7,790,68.0
2026-09-20T08:07:03Z,AEGIS-ENG-001,MSN-SYN-NORM,4654,128.9,760.0,4.15,95.5,22.8,3.29,28.1,36.0,25.0,65,6700,8.7,790,68.0
2026-09-20T08:07:04Z,AEGIS-ENG-001,MSN-SYN-NORM,4652,126.2,764.4,4.18,95.8,22.7,3.27,28.2,36.7,25.0,65,6700,8.7,790,68.0
2026-09-20T08:07:05Z,AEGIS-ENG-001,MSN-SYN-NORM,4643,128.5,761.4,4.14,94.7,22.5,3.24,28.1,36.5,25.0,65,6700,8.7,790,68.0
2026-09-20T08:07:06Z,AEGIS-ENG-001,MSN-SYN-NORM,4638,128.1,763.3,4.16,95.3,22.6,3.19,28.2,35.9,25.0,65,6700,8.7,790,68.0
2026-09-20T08:07:07Z,AEGIS-ENG-001,MSN-SYN-NORM,4659,126.1,760.6,4.15,94.7,22.2,3.20,28.2,36.1,25.1,65,6700,8.7,790,68.0
2026-09-20T08:07:08Z,AEGIS-ENG-001,MSN-SYN-NORM,4660,127.4,765.7,4.14,95.1,22.2,3.14,28.2,36.6,25.1,65,6700,8.7,790,68.0
2026-09-20T08:07:09Z,AEGIS-ENG-001,MSN-SYN-NORM,4654,126.1,764.0,4.14,96.0,22.8,3.21,28.2,36.0,25.0,65,6700,8.7,790,68.0
2026-09-20T08:07:10Z,AEGIS-ENG-001,MSN-SYN-NORM,4660,127.8,765.0,4.12,94.7,22.5,3.29,28.2,36.3,25.1,65,6700,8.7,790,68.0
2026-09-20T08:07:11Z,AEGIS-ENG-001,MSN-SYN-NORM,4647,127.7,759.9,4.12,95.3,22.8,3.27,28.2,36.5,25.0,65,6700,8.7,790,68.0
2026-09-20T08:07:12Z,AEGIS-ENG-001,MSN-SYN-NORM,4657,126.7,762.9,4.13,96.3,22.7,3.25,28.1,36.2,25.1,65,6700,8.7,790,68.0
2026-09-20T08:07:13Z,AEGIS-ENG-001,MSN-SYN-NORM,4651,127.5,760.1,4.17,95.3,22.5,3.17,28.2,36.1,25.0,65,6700,8.7,790,68.0
2026-09-20T08:07:14Z,AEGIS-ENG-001,MSN-SYN-NORM,4639,127.7,760.2,4.10,94.7,22.6,3.20,28.2,35.8,25.0,65,6700,8.7,790,68.0
2026-09-20T08:07:15Z,AEGIS-ENG-001,MSN-SYN-NORM,4643,126.7,763.1,4.17,96.4,22.3,3.23,28.2,36.1,25.0,65,6700,8.7,790,68.0
2026-09-20T08:07:16Z,AEGIS-ENG-001,MSN-SYN-NORM,4646,128.3,760.3,4.12,96.1,22.8,3.17,28.3,36.6,25.0,65,6700,8.7,790,68.0
2026-09-20T08:07:17Z,AEGIS-ENG-001,MSN-SYN-NORM,4649,128.9,760.0,4.18,95.1,22.7,3.20,28.2,36.4,25.0,65,6700,8.7,790,68.0
2026-09-20T08:07:18Z,AEGIS-ENG-001,MSN-SYN-NORM,4636,126.8,763.0,4.14,96.0,22.2,3.24,28.2,35.8,25.0,65,6700,8.7,790,68.0
2026-09-20T08:07:19Z,AEGIS-ENG-001,MSN-SYN-NORM,4652,126.1,762.7,4.12,95.9,22.7,3.19,28.2,36.0,25.0,65,6700,8.7,790,68.0
2026-09-20T08:07:20Z,AEGIS-ENG-001,MSN-SYN-NORM,4656,126.8,759.9,4.12,96.1,22.2,3.24,28.1,36.4,25.1,65,6700,8.7,790,68.0
2026-09-20T08:07:21Z,AEGIS-ENG-001,MSN-SYN-NORM,4635,126.8,764.1,4.13,94.9,22.3,3.16,28.2,36.6,25.0,65,6700,8.7,790,68.0
2026-09-20T08:07:22Z,AEGIS-ENG-001,MSN-SYN-NORM,4658,127.0,761.6,4.19,96.3,22.6,3.29,28.3,36.0,25.1,65,6700,8.7,790,68.0
2026-09-20T08:07:23Z,AEGIS-ENG-001,MSN-SYN-NORM,4660,128.0,762.9,4.14,95.7,22.6,3.30,28.3,35.8,25.1,65,6700,8.7,790,68.0
2026-09-20T08:07:24Z,AEGIS-ENG-001,MSN-SYN-NORM,4656,126.7,765.3,4.17,94.9,22.6,3.17,28.2,36.5,25.1,65,6700,8.7,790,68.0
2026-09-20T08:07:25Z,AEGIS-ENG-001,MSN-SYN-NORM,4654,126.9,765.0,4.10,96.3,22.6,3.28,28.2,36.2,25.0,65,6700,8.7,790,68.0
2026-09-20T08:07:26Z,AEGIS-ENG-001,MSN-SYN-NORM,4659,128.1,760.7,4.13,96.0,22.5,3.19,28.3,36.7,25.1,65,6700,8.7,790,68.0
2026-09-20T08:07:27Z,AEGIS-ENG-001,MSN-SYN-NORM,4642,127.4,764.5,4.17,95.5,22.3,3.30,28.3,36.5,25.0,65,6700,8.7,790,68.0
2026-09-20T08:07:28Z,AEGIS-ENG-001,MSN-SYN-NORM,4639,127.0,760.9,4.13,94.9,22.7,3.30,28.2,36.7,25.0,65,6700,8.7,790,68.0
2026-09-20T08:07:29Z,AEGIS-ENG-001,MSN-SYN-NORM,4665,126.3,761.3,4.16,95.3,22.5,3.32,28.1,36.2,25.1,65,6700,8.7,790,68.0
2026-09-20T08:07:30Z,AEGIS-ENG-001,MSN-SYN-NORM,4654,128.9,760.0,4.09,95.0,22.4,3.25,28.2,36.7,25.0,65,6700,8.7,790,68.0
2026-09-20T08:07:31Z,AEGIS-ENG-001,MSN-SYN-NORM,4650,127.3,764.1,4.14,94.7,22.4,3.28,28.3,36.5,25.0,65,6700,8.7,790,68.0
2026-09-20T08:07:32Z,AEGIS-ENG-001,MSN-SYN-NORM,4649,127.5,763.5,4.15,94.8,22.7,3.26,28.2,35.9,25.0,65,6700,8.7,790,68.0
2026-09-20T08:07:33Z,AEGIS-ENG-001,MSN-SYN-NORM,4642,127.9,761.3,4.11,96.2,22.8,3.32,28.3,36.2,25.0,65,6700,8.7,790,68.0
2026-09-20T08:07:34Z,AEGIS-ENG-001,MSN-SYN-NORM,4662,128.2,764.2,4.19,95.5,22.4,3.27,28.2,36.7,25.1,65,6700,8.7,790,68.0
2026-09-20T08:07:35Z,AEGIS-ENG-001,MSN-SYN-NORM,4655,127.4,765.2,4.14,96.0,22.3,3.16,28.1,36.7,25.0,65,6700,8.7,790,68.0
2026-09-20T08:07:36Z,AEGIS-ENG-001,MSN-SYN-NORM,4657,126.1,763.3,4.18,94.7,22.6,3.29,28.2,36.1,25.1,65,6700,8.7,790,68.0
2026-09-20T08:07:37Z,AEGIS-ENG-001,MSN-SYN-NORM,4635,126.7,761.7,4.14,96.2,22.7,3.28,28.2,36.6,25.0,65,6700,8.7,790,68.0
2026-09-20T08:07:38Z,AEGIS-ENG-001,MSN-SYN-NORM,4638,128.8,761.6,4.13,95.7,22.3,3.31,28.3,35.8,25.0,65,6700,8.7,790,68.0
2026-09-20T08:07:39Z,AEGIS-ENG-001,MSN-SYN-NORM,4654,127.4,761.0,4.11,96.3,22.5,3.21,28.2,36.2,25.0,65,6700,8.7,790,68.0
2026-09-20T08:07:40Z,AEGIS-ENG-001,MSN-SYN-NORM,4644,126.1,763.4,4.20,95.0,22.2,3.19,28.1,36.3,25.0,65,6700,8.7,790,68.0
2026-09-20T08:07:41Z,AEGIS-ENG-001,MSN-SYN-NORM,4655,128.5,762.1,4.13,95.0,22.2,3.22,28.2,36.5,25.1,65,6700,8.7,790,68.0
2026-09-20T08:07:42Z,AEGIS-ENG-001,MSN-SYN-NORM,4649,127.2,763.8,4.10,95.5,22.7,3.24,28.2,36.7,25.0,65,6700,8.7,790,68.0
2026-09-20T08:07:43Z,AEGIS-ENG-001,MSN-SYN-NORM,4650,127.1,763.7,4.19,95.4,22.3,3.27,28.2,36.4,25.0,65,6700,8.7,790,68.0
2026-09-20T08:07:44Z,AEGIS-ENG-001,MSN-SYN-NORM,4646,127.7,765.6,4.11,95.2,22.5,3.30,28.3,36.6,25.0,65,6700,8.7,790,68.0
2026-09-20T08:07:45Z,AEGIS-ENG-001,MSN-SYN-NORM,4636,126.5,759.9,4.16,96.1,22.3,3.19,28.1,35.9,25.0,65,6700,8.7,790,68.0
2026-09-20T08:07:46Z,AEGIS-ENG-001,MSN-SYN-NORM,4637,127.9,763.9,4.10,95.0,22.4,3.16,28.1,36.6,25.0,65,6700,8.7,790,68.0
2026-09-20T08:07:47Z,AEGIS-ENG-001,MSN-SYN-NORM,4653,127.2,762.6,4.11,94.6,22.6,3.13,28.2,36.3,25.0,65,6700,8.7,790,68.0
2026-09-20T08:07:48Z,AEGIS-ENG-001,MSN-SYN-NORM,4650,129.0,763.2,4.13,95.2,22.3,3.29,28.2,36.5,25.0,65,6700,8.7,790,68.0
2026-09-20T08:07:49Z,AEGIS-ENG-001,MSN-SYN-NORM,4646,127.9,764.0,4.12,96.0,22.2,3.15,28.1,35.8,25.0,65,6700,8.7,790,68.0
2026-09-20T08:07:50Z,AEGIS-ENG-001,MSN-SYN-NORM,4641,127.5,761.6,4.17,95.8,22.3,3.26,28.2,36.5,25.0,65,6700,8.7,790,68.0
2026-09-20T08:07:51Z,AEGIS-ENG-001,MSN-SYN-NORM,4654,127.5,763.7,4.11,94.6,22.3,3.15,28.2,36.6,25.0,65,6700,8.7,790,68.0
2026-09-20T08:07:52Z,AEGIS-ENG-001,MSN-SYN-NORM,4656,126.1,760.3,4.13,95.9,22.6,3.30,28.2,35.8,25.1,65,6700,8.7,790,68.0
2026-09-20T08:07:53Z,AEGIS-ENG-001,MSN-SYN-NORM,4647,127.5,763.8,4.16,94.9,22.6,3.15,28.3,36.2,25.0,65,6700,8.7,790,68.0
2026-09-20T08:07:54Z,AEGIS-ENG-001,MSN-SYN-NORM,4658,128.5,765.8,4.19,95.2,22.3,3.19,28.1,36.7,25.1,65,6700,8.7,790,68.0
2026-09-20T08:07:55Z,AEGIS-ENG-001,MSN-SYN-NORM,4636,127.5,764.7,4.11,95.6,22.4,3.19,28.2,36.5,25.0,65,6700,8.7,790,68.0
2026-09-20T08:07:56Z,AEGIS-ENG-001,MSN-SYN-NORM,4658,128.0,762.1,4.13,95.4,22.4,3.28,28.3,36.7,25.1,65,6700,8.7,790,68.0
2026-09-20T08:07:57Z,AEGIS-ENG-001,MSN-SYN-NORM,4642,128.7,765.2,4.12,95.0,22.4,3.31,28.1,36.4,25.0,65,6700,8.7,790,68.0
2026-09-20T08:07:58Z,AEGIS-ENG-001,MSN-SYN-NORM,4643,128.9,760.6,4.10,95.2,22.6,3.30,28.1,36.3,25.0,65,6700,8.7,790,68.0
2026-09-20T08:07:59Z,AEGIS-ENG-001,MSN-SYN-NORM,4642,127.2,761.2,4.16,95.0,22.3,3.31,28.2,36.1,25.0,65,6700,8.7,790,68.0
2026-09-20T08:08:00Z,AEGIS-ENG-001,MSN-SYN-NORM,3203,111.9,700.3,3.63,81.3,15.8,2.87,28.2,31.0,24.1,35,6700,8.7,790,38.0
2026-09-20T08:08:01Z,AEGIS-ENG-001,MSN-SYN-NORM,3200,113.2,696.9,3.64,81.2,15.9,2.88,28.3,30.5,24.1,35,6655,8.8,792,38.0
2026-09-20T08:08:02Z,AEGIS-ENG-001,MSN-SYN-NORM,3194,111.2,698.7,3.58,82.7,15.9,2.92,28.3,31.0,24.1,35,6610,8.9,793,38.0
2026-09-20T08:08:03Z,AEGIS-ENG-001,MSN-SYN-NORM,3180,112.3,699.0,3.63,82.8,15.7,2.79,28.2,30.6,24.1,35,6565,9.0,794,38.0
2026-09-20T08:08:04Z,AEGIS-ENG-001,MSN-SYN-NORM,3186,112.2,698.0,3.61,82.3,15.8,2.79,28.3,30.7,24.1,35,6520,9.1,796,38.0
2026-09-20T08:08:05Z,AEGIS-ENG-001,MSN-SYN-NORM,3193,113.2,697.0,3.57,82.8,16.0,2.96,28.1,31.0,24.1,35,6475,9.2,797,38.0
2026-09-20T08:08:06Z,AEGIS-ENG-001,MSN-SYN-NORM,3206,113.3,702.4,3.60,82.8,15.6,2.95,28.2,31.1,24.1,35,6430,9.3,798,38.0
2026-09-20T08:08:07Z,AEGIS-ENG-001,MSN-SYN-NORM,3183,112.3,701.3,3.65,82.2,15.8,2.90,28.1,31.2,24.1,35,6385,9.4,800,38.0
2026-09-20T08:08:08Z,AEGIS-ENG-001,MSN-SYN-NORM,3216,111.8,699.9,3.60,82.6,16.0,2.80,28.2,30.9,24.1,35,6340,9.4,801,38.0
2026-09-20T08:08:09Z,AEGIS-ENG-001,MSN-SYN-NORM,3200,112.8,702.3,3.61,82.2,15.8,2.90,28.1,31.0,24.1,35,6295,9.5,802,38.0
2026-09-20T08:08:10Z,AEGIS-ENG-001,MSN-SYN-NORM,3201,110.8,699.4,3.59,82.8,15.8,2.82,28.2,31.3,24.1,35,6250,9.6,804,38.0
2026-09-20T08:08:11Z,AEGIS-ENG-001,MSN-SYN-NORM,3204,111.9,697.0,3.66,82.0,15.6,2.83,28.2,30.9,24.1,35,6205,9.7,805,38.0
2026-09-20T08:08:12Z,AEGIS-ENG-001,MSN-SYN-NORM,3199,112.6,702.6,3.56,83.0,15.8,2.80,28.2,30.6,24.1,35,6160,9.8,806,38.0
2026-09-20T08:08:13Z,AEGIS-ENG-001,MSN-SYN-NORM,3213,113.1,702.5,3.61,82.8,15.8,2.84,28.1,30.8,24.1,35,6115,9.9,808,38.0
2026-09-20T08:08:14Z,AEGIS-ENG-001,MSN-SYN-NORM,3213,113.6,700.7,3.63,81.4,15.6,2.97,28.2,30.7,24.1,35,6070,10.0,809,38.0
2026-09-20T08:08:15Z,AEGIS-ENG-001,MSN-SYN-NORM,3211,113.2,697.4,3.63,81.7,15.6,2.88,28.1,30.7,24.1,35,6025,10.1,810,38.0
2026-09-20T08:08:16Z,AEGIS-ENG-001,MSN-SYN-NORM,3189,110.9,699.0,3.62,81.4,16.0,2.90,28.2,31.0,24.1,35,5980,10.2,812,38.0
2026-09-20T08:08:17Z,AEGIS-ENG-001,MSN-SYN-NORM,3198,113.4,701.7,3.58,81.4,15.8,2.89,28.2,31.3,24.1,35,5935,10.2,813,38.0
2026-09-20T08:08:18Z,AEGIS-ENG-001,MSN-SYN-NORM,3211,111.7,697.2,3.62,82.6,15.7,2.84,28.2,30.7,24.1,35,5890,10.3,814,38.0
2026-09-20T08:08:19Z,AEGIS-ENG-001,MSN-SYN-NORM,3189,111.6,702.6,3.63,82.8,15.8,2.96,28.2,31.2,24.1,35,5845,10.4,816,38.0
2026-09-20T08:08:20Z,AEGIS-ENG-001,MSN-SYN-NORM,3188,111.9,696.8,3.58,82.8,16.0,2.94,28.2,31.3,24.1,35,5800,10.5,817,38.0
2026-09-20T08:08:21Z,AEGIS-ENG-001,MSN-SYN-NORM,3210,112.2,700.3,3.67,82.3,15.8,2.91,28.1,31.2,24.1,35,5755,10.6,819,38.0
2026-09-20T08:08:22Z,AEGIS-ENG-001,MSN-SYN-NORM,3201,113.1,701.1,3.59,81.5,15.8,2.83,28.3,30.8,24.1,35,5710,10.7,820,38.0
2026-09-20T08:08:23Z,AEGIS-ENG-001,MSN-SYN-NORM,3196,113.6,698.0,3.60,81.8,16.0,2.86,28.2,30.4,24.1,35,5665,10.8,821,38.0
2026-09-20T08:08:24Z,AEGIS-ENG-001,MSN-SYN-NORM,3182,111.1,698.8,3.64,82.0,15.6,2.92,28.3,30.5,24.1,35,5620,10.9,823,38.0
2026-09-20T08:08:25Z,AEGIS-ENG-001,MSN-SYN-NORM,3217,111.4,697.2,3.60,81.5,15.5,2.79,28.2,30.4,24.1,35,5575,11.0,824,38.0
2026-09-20T08:08:26Z,AEGIS-ENG-001,MSN-SYN-NORM,3209,113.1,702.3,3.57,81.7,15.7,2.89,28.2,30.7,24.1,35,5530,11.1,825,38.0
2026-09-20T08:08:27Z,AEGIS-ENG-001,MSN-SYN-NORM,3204,112.9,700.2,3.58,82.8,15.6,2.80,28.3,30.5,24.1,35,5485,11.1,827,38.0
2026-09-20T08:08:28Z,AEGIS-ENG-001,MSN-SYN-NORM,3220,112.8,697.3,3.63,82.0,15.5,2.81,28.2,31.0,24.1,35,5440,11.2,828,38.0
2026-09-20T08:08:29Z,AEGIS-ENG-001,MSN-SYN-NORM,3180,112.5,700.9,3.56,82.5,15.7,2.78,28.1,30.6,24.1,35,5395,11.3,830,38.0
2026-09-20T08:08:30Z,AEGIS-ENG-001,MSN-SYN-NORM,3205,113.3,700.2,3.62,81.6,15.7,2.85,28.2,30.9,24.1,35,5350,11.4,831,38.0
2026-09-20T08:08:31Z,AEGIS-ENG-001,MSN-SYN-NORM,3180,113.9,699.9,3.55,82.7,16.0,2.88,28.3,30.5,24.1,35,5305,11.5,832,38.0
2026-09-20T08:08:32Z,AEGIS-ENG-001,MSN-SYN-NORM,3189,111.5,701.4,3.59,81.7,16.0,2.78,28.2,30.4,24.1,35,5260,11.6,834,38.0
2026-09-20T08:08:33Z,AEGIS-ENG-001,MSN-SYN-NORM,3184,113.1,700.4,3.61,82.0,15.8,2.82,28.2,30.5,24.1,35,5215,11.7,835,38.0
2026-09-20T08:08:34Z,AEGIS-ENG-001,MSN-SYN-NORM,3192,112.1,698.6,3.65,81.1,15.8,2.78,28.3,30.4,24.1,35,5170,11.8,836,38.0
2026-09-20T08:08:35Z,AEGIS-ENG-001,MSN-SYN-NORM,3210,112.5,700.3,3.67,81.3,15.9,2.94,28.3,30.9,24.1,35,5125,11.9,838,38.0
2026-09-20T08:08:36Z,AEGIS-ENG-001,MSN-SYN-NORM,3198,111.3,700.9,3.62,82.5,16.0,2.93,28.3,30.6,24.1,35,5080,11.9,839,38.0
2026-09-20T08:08:37Z,AEGIS-ENG-001,MSN-SYN-NORM,3197,111.3,701.8,3.60,82.2,15.5,2.85,28.3,30.5,24.1,35,5035,12.0,841,38.0
2026-09-20T08:08:38Z,AEGIS-ENG-001,MSN-SYN-NORM,3202,111.8,702.7,3.66,82.4,15.9,2.86,28.3,30.6,24.1,35,4990,12.1,842,38.0
2026-09-20T08:08:39Z,AEGIS-ENG-001,MSN-SYN-NORM,3196,113.3,701.3,3.58,81.6,15.5,2.87,28.2,30.5,24.1,35,4945,12.2,843,38.0
2026-09-20T08:08:40Z,AEGIS-ENG-001,MSN-SYN-NORM,3198,112.0,696.9,3.57,83.0,15.7,2.79,28.1,30.9,24.1,35,4900,12.3,845,38.0
2026-09-20T08:08:41Z,AEGIS-ENG-001,MSN-SYN-NORM,3197,112.4,698.9,3.65,81.4,15.5,2.92,28.1,30.6,24.1,35,4855,12.4,846,38.0
2026-09-20T08:08:42Z,AEGIS-ENG-001,MSN-SYN-NORM,3189,112.1,699.5,3.63,82.5,15.9,2.92,28.1,30.9,24.1,35,4810,12.5,848,38.0
2026-09-20T08:08:43Z,AEGIS-ENG-001,MSN-SYN-NORM,3212,113.9,699.0,3.61,82.1,16.0,2.84,28.3,30.9,24.1,35,4765,12.6,849,38.0
2026-09-20T08:08:44Z,AEGIS-ENG-001,MSN-SYN-NORM,3213,112.6,701.7,3.57,82.6,15.6,2.92,28.2,31.1,24.1,35,4720,12.7,851,38.0
2026-09-20T08:08:45Z,AEGIS-ENG-001,MSN-SYN-NORM,3196,113.6,699.6,3.59,82.3,15.6,2.78,28.3,31.2,24.1,35,4675,12.7,852,38.0
2026-09-20T08:08:46Z,AEGIS-ENG-001,MSN-SYN-NORM,3205,113.7,700.5,3.64,82.8,15.6,2.82,28.1,30.4,24.1,35,4630,12.8,853,38.0
2026-09-20T08:08:47Z,AEGIS-ENG-001,MSN-SYN-NORM,3216,113.0,699.6,3.57,81.6,15.7,2.81,28.2,31.2,24.1,35,4585,12.9,855,38.0
2026-09-20T08:08:48Z,AEGIS-ENG-001,MSN-SYN-NORM,3196,112.1,697.4,3.59,81.9,15.6,2.81,28.2,31.1,24.1,35,4540,13.0,856,38.0
2026-09-20T08:08:49Z,AEGIS-ENG-001,MSN-SYN-NORM,3200,114.0,702.1,3.58,81.2,15.5,2.89,28.3,30.7,24.1,35,4495,13.1,858,38.0
2026-09-20T08:08:50Z,AEGIS-ENG-001,MSN-SYN-NORM,3182,113.7,698.4,3.57,81.4,16.0,2.83,28.1,31.0,24.1,35,4450,13.2,859,38.0
2026-09-20T08:08:51Z,AEGIS-ENG-001,MSN-SYN-NORM,3186,113.6,701.2,3.58,81.6,16.0,2.92,28.2,30.8,24.1,35,4405,13.3,861,38.0
2026-09-20T08:08:52Z,AEGIS-ENG-001,MSN-SYN-NORM,3211,114.1,700.1,3.57,82.5,15.8,2.88,28.2,31.2,24.1,35,4360,13.4,862,38.0
2026-09-20T08:08:53Z,AEGIS-ENG-001,MSN-SYN-NORM,3203,112.2,702.7,3.60,82.3,15.6,2.87,28.2,30.4,24.1,35,4315,13.5,863,38.0
2026-09-20T08:08:54Z,AEGIS-ENG-001,MSN-SYN-NORM,3188,114.4,699.4,3.57,82.6,15.9,2.86,28.2,31.2,24.1,35,4270,13.5,865,38.0
2026-09-20T08:08:55Z,AEGIS-ENG-001,MSN-SYN-NORM,3188,112.4,699.9,3.60,82.5,15.8,2.92,28.2,30.5,24.1,35,4225,13.6,866,38.0
2026-09-20T08:08:56Z,AEGIS-ENG-001,MSN-SYN-NORM,3200,112.4,700.9,3.64,82.2,16.0,2.86,28.2,31.0,24.1,35,4180,13.7,868,38.0
2026-09-20T08:08:57Z,AEGIS-ENG-001,MSN-SYN-NORM,3207,113.4,699.4,3.60,81.4,15.8,2.81,28.2,30.4,24.1,35,4135,13.8,869,38.0
2026-09-20T08:08:58Z,AEGIS-ENG-001,MSN-SYN-NORM,3220,113.8,700.2,3.64,83.0,15.7,2.82,28.3,30.6,24.1,35,4090,13.9,871,38.0
2026-09-20T08:08:59Z,AEGIS-ENG-001,MSN-SYN-NORM,3194,113.3,701.1,3.65,83.1,15.8,2.92,28.1,31.0,24.1,35,4045,14.0,872,38.0
2026-09-20T08:09:00Z,AEGIS-ENG-001,MSN-SYN-NORM,3187,112.5,696.9,3.60,81.5,15.5,2.84,28.3,30.7,24.1,35,4000,14.1,874,38.0
2026-09-20T08:09:01Z,AEGIS-ENG-001,MSN-SYN-NORM,3213,113.3,699.6,3.56,82.1,15.7,2.79,28.1,30.6,24.1,35,3955,14.2,875,38.0
2026-09-20T08:09:02Z,AEGIS-ENG-001,MSN-SYN-NORM,3200,113.2,698.6,3.60,82.4,15.8,2.90,28.2,30.8,24.1,35,3910,14.3,876,38.0
2026-09-20T08:09:03Z,AEGIS-ENG-001,MSN-SYN-NORM,3203,114.7,702.7,3.57,81.2,15.5,2.95,28.2,31.3,24.1,35,3865,14.3,878,38.0
2026-09-20T08:09:04Z,AEGIS-ENG-001,MSN-SYN-NORM,3199,113.7,696.9,3.64,82.6,15.7,2.97,28.2,30.4,24.1,35,3820,14.4,879,38.0
2026-09-20T08:09:05Z,AEGIS-ENG-001,MSN-SYN-NORM,3181,112.6,700.4,3.63,81.8,15.5,2.79,28.2,30.7,24.1,35,3775,14.5,881,38.0
2026-09-20T08:09:06Z,AEGIS-ENG-001,MSN-SYN-NORM,3190,114.0,697.2,3.62,81.5,15.9,2.80,28.2,30.9,24.1,35,3730,14.6,882,38.0
2026-09-20T08:09:07Z,AEGIS-ENG-001,MSN-SYN-NORM,3193,114.9,699.5,3.59,82.8,15.7,2.92,28.2,30.9,24.1,35,3685,14.7,884,38.0
2026-09-20T08:09:08Z,AEGIS-ENG-001,MSN-SYN-NORM,3198,113.3,699.7,3.64,81.5,16.0,2.93,28.2,30.9,24.1,35,3640,14.8,885,38.0
2026-09-20T08:09:09Z,AEGIS-ENG-001,MSN-SYN-NORM,3193,113.9,697.0,3.61,81.9,15.5,2.91,28.2,30.9,24.1,35,3595,14.9,887,38.0
2026-09-20T08:09:10Z,AEGIS-ENG-001,MSN-SYN-NORM,3185,115.0,698.3,3.63,82.0,15.6,2.81,28.3,31.0,24.1,35,3550,15.0,888,38.0
2026-09-20T08:09:11Z,AEGIS-ENG-001,MSN-SYN-NORM,3186,112.3,697.4,3.61,81.3,15.9,2.82,28.2,30.5,24.1,35,3505,15.1,890,38.0
2026-09-20T08:09:12Z,AEGIS-ENG-001,MSN-SYN-NORM,3189,114.0,698.2,3.62,81.1,15.9,2.81,28.1,31.2,24.1,35,3460,15.1,891,38.0
2026-09-20T08:09:13Z,AEGIS-ENG-001,MSN-SYN-NORM,3209,114.0,700.4,3.58,82.0,15.6,2.96,28.2,31.3,24.1,35,3415,15.2,893,38.0
2026-09-20T08:09:14Z,AEGIS-ENG-001,MSN-SYN-NORM,3181,112.6,697.1,3.57,81.8,15.5,2.91,28.2,30.8,24.1,35,3370,15.3,894,38.0
2026-09-20T08:09:15Z,AEGIS-ENG-001,MSN-SYN-NORM,3200,114.1,698.2,3.60,82.1,15.5,2.87,28.1,30.7,24.1,35,3325,15.4,896,38.0
2026-09-20T08:09:16Z,AEGIS-ENG-001,MSN-SYN-NORM,3184,112.7,702.1,3.60,81.1,15.6,2.94,28.1,30.7,24.1,35,3280,15.5,897,38.0
2026-09-20T08:09:17Z,AEGIS-ENG-001,MSN-SYN-NORM,3183,113.6,700.1,3.65,81.9,15.6,2.79,28.3,30.6,24.1,35,3235,15.6,899,38.0
2026-09-20T08:09:18Z,AEGIS-ENG-001,MSN-SYN-NORM,3197,114.8,700.5,3.59,81.4,15.8,2.80,28.2,30.6,24.1,35,3190,15.7,900,38.0
2026-09-20T08:09:19Z,AEGIS-ENG-001,MSN-SYN-NORM,3193,112.9,700.1,3.63,82.0,16.0,2.84,28.3,31.0,24.1,35,3145,15.8,902,38.0
2026-09-20T08:09:20Z,AEGIS-ENG-001,MSN-SYN-NORM,3217,113.6,698.9,3.65,82.1,15.8,2.78,28.2,30.6,24.1,35,3100,15.9,903,38.0
2026-09-20T08:09:21Z,AEGIS-ENG-001,MSN-SYN-NORM,3202,115.0,700.6,3.60,81.5,15.8,2.82,28.1,30.8,24.1,35,3055,16.0,905,38.0
2026-09-20T08:09:22Z,AEGIS-ENG-001,MSN-SYN-NORM,3186,115.1,702.2,3.59,81.7,16.0,2.95,28.2,30.6,24.1,35,3010,16.0,906,38.0
2026-09-20T08:09:23Z,AEGIS-ENG-001,MSN-SYN-NORM,3209,114.7,702.3,3.61,83.0,15.7,2.96,28.2,31.3,24.1,35,2965,16.1,908,38.0
2026-09-20T08:09:24Z,AEGIS-ENG-001,MSN-SYN-NORM,3181,113.4,699.1,3.55,81.5,15.8,2.93,28.2,31.2,24.1,35,2920,16.2,909,38.0
2026-09-20T08:09:25Z,AEGIS-ENG-001,MSN-SYN-NORM,3214,112.7,698.8,3.58,81.2,15.8,2.82,28.2,31.2,24.1,35,2875,16.3,911,38.0
2026-09-20T08:09:26Z,AEGIS-ENG-001,MSN-SYN-NORM,3216,114.2,701.6,3.62,82.5,15.8,2.82,28.1,31.0,24.1,35,2830,16.4,912,38.0
2026-09-20T08:09:27Z,AEGIS-ENG-001,MSN-SYN-NORM,3207,114.8,699.6,3.64,81.8,15.5,2.84,28.3,30.8,24.1,35,2785,16.5,914,38.0
2026-09-20T08:09:28Z,AEGIS-ENG-001,MSN-SYN-NORM,3196,114.3,701.1,3.55,81.1,16.0,2.81,28.2,31.2,24.1,35,2740,16.6,915,38.0
2026-09-20T08:09:29Z,AEGIS-ENG-001,MSN-SYN-NORM,3184,114.9,697.1,3.61,82.3,15.9,2.97,28.1,30.4,24.1,35,2695,16.7,917,38.0
2026-09-20T08:09:30Z,AEGIS-ENG-001,MSN-SYN-NORM,3202,115.0,697.8,3.62,81.9,16.0,2.87,28.3,31.1,24.1,35,2650,16.8,918,38.0
2026-09-20T08:09:31Z,AEGIS-ENG-001,MSN-SYN-NORM,3205,114.9,700.9,3.55,81.3,15.5,2.88,28.2,30.7,24.1,35,2605,16.8,920,38.0
2026-09-20T08:09:32Z,AEGIS-ENG-001,MSN-SYN-NORM,3185,114.6,702.3,3.63,82.9,15.8,2.86,28.2,30.9,24.1,35,2560,16.9,921,38.0
2026-09-20T08:09:33Z,AEGIS-ENG-001,MSN-SYN-NORM,3215,113.0,701.4,3.63,82.4,15.5,2.89,28.1,30.5,24.1,35,2515,17.0,923,38.0
2026-09-20T08:09:34Z,AEGIS-ENG-001,MSN-SYN-NORM,3190,113.4,699.4,3.62,82.0,16.0,2.93,28.3,31.1,24.1,35,2470,17.1,924,38.0
2026-09-20T08:09:35Z,AEGIS-ENG-001,MSN-SYN-NORM,3196,114.3,700.3,3.58,82.0,15.5,2.89,28.1,31.1,24.1,35,2425,17.2,926,38.0
2026-09-20T08:09:36Z,AEGIS-ENG-001,MSN-SYN-NORM,3201,115.3,697.1,3.60,82.5,16.0,2.77,28.1,31.2,24.1,35,2380,17.3,928,38.0
2026-09-20T08:09:37Z,AEGIS-ENG-001,MSN-SYN-NORM,3187,115.0,699.2,3.63,81.2,15.5,2.80,28.3,30.7,24.1,35,2335,17.4,929,38.0
2026-09-20T08:09:38Z,AEGIS-ENG-001,MSN-SYN-NORM,3185,114.7,702.0,3.58,82.1,15.8,2.80,28.1,31.3,24.1,35,2290,17.5,931,38.0
2026-09-20T08:09:39Z,AEGIS-ENG-001,MSN-SYN-NORM,3189,114.4,701.2,3.61,83.0,15.5,2.79,28.2,31.3,24.1,35,2245,17.6,932,38.0
2026-09-20T08:09:40Z,AEGIS-ENG-001,MSN-SYN-NORM,3188,113.6,701.1,3.61,82.7,15.9,2.88,28.2,30.8,24.1,35,2200,17.6,934,38.0
2026-09-20T08:09:41Z,AEGIS-ENG-001,MSN-SYN-NORM,3211,113.9,701.1,3.56,82.4,16.0,2.84,28.1,30.8,24.1,35,2155,17.7,935,38.0
2026-09-20T08:09:42Z,AEGIS-ENG-001,MSN-SYN-NORM,3204,113.3,697.1,3.62,81.1,15.6,2.88,28.2,30.4,24.1,35,2110,17.8,937,38.0
2026-09-20T08:09:43Z,AEGIS-ENG-001,MSN-SYN-NORM,3194,115.5,700.3,3.60,82.8,15.8,2.93,28.2,30.9,24.1,35,2065,17.9,938,38.0
2026-09-20T08:09:44Z,AEGIS-ENG-001,MSN-SYN-NORM,3210,113.2,702.1,3.62,81.8,15.7,2.95,28.3,30.4,24.1,35,2020,18.0,940,38.0
2026-09-20T08:09:45Z,AEGIS-ENG-001,MSN-SYN-NORM,3210,115.6,697.3,3.60,82.0,15.7,2.88,28.2,30.5,24.1,35,1975,18.1,942,38.0
2026-09-20T08:09:46Z,AEGIS-ENG-001,MSN-SYN-NORM,3184,114.6,697.5,3.62,82.1,15.6,2.93,28.2,31.1,24.1,35,1930,18.2,943,38.0
2026-09-20T08:09:47Z,AEGIS-ENG-001,MSN-SYN-NORM,3219,114.6,701.1,3.61,82.0,15.9,2.92,28.2,30.8,24.1,35,1885,18.3,945,38.0
2026-09-20T08:09:48Z,AEGIS-ENG-001,MSN-SYN-NORM,3207,114.3,698.0,3.62,82.5,15.5,2.96,28.3,31.0,24.1,35,1840,18.4,946,38.0
2026-09-20T08:09:49Z,AEGIS-ENG-001,MSN-SYN-NORM,3188,115.2,700.1,3.63,81.9,16.0,2.90,28.1,31.0,24.1,35,1795,18.4,948,38.0
2026-09-20T08:09:50Z,AEGIS-ENG-001,MSN-SYN-NORM,3186,114.3,702.0,3.63,81.8,15.9,2.82,28.2,30.4,24.1,35,1750,18.5,949,38.0
2026-09-20T08:09:51Z,AEGIS-ENG-001,MSN-SYN-NORM,3182,113.4,699.4,3.62,81.2,15.7,2.77,28.1,31.3,24.1,35,1705,18.6,951,38.0
2026-09-20T08:09:52Z,AEGIS-ENG-001,MSN-SYN-NORM,3217,114.0,697.6,3.58,81.5,16.0,2.98,28.3,30.7,24.1,35,1660,18.7,953,38.0
2026-09-20T08:09:53Z,AEGIS-ENG-001,MSN-SYN-NORM,3220,114.4,698.1,3.64,82.4,15.8,2.83,28.3,30.7,24.1,35,1615,18.8,954,38.0
2026-09-20T08:09:54Z,AEGIS-ENG-001,MSN-SYN-NORM,3216,115.6,697.7,3.56,81.2,15.8,2.93,28.2,30.7,24.1,35,1570,18.9,956,38.0
2026-09-20T08:09:55Z,AEGIS-ENG-001,MSN-SYN-NORM,3210,113.8,702.4,3.61,82.4,15.6,2.78,28.2,30.9,24.1,35,1525,19.0,957,38.0
2026-09-20T08:09:56Z,AEGIS-ENG-001,MSN-SYN-NORM,3202,114.2,702.7,3.55,81.2,16.0,2.84,28.3,30.8,24.1,35,1480,19.1,959,38.0
2026-09-20T08:09:57Z,AEGIS-ENG-001,MSN-SYN-NORM,3188,115.7,696.9,3.60,81.5,15.5,2.96,28.2,31.1,24.1,35,1435,19.2,961,38.0
2026-09-20T08:09:58Z,AEGIS-ENG-001,MSN-SYN-NORM,3214,113.1,698.0,3.63,82.5,15.8,2.83,28.2,31.2,24.1,35,1390,19.2,962,38.0
2026-09-20T08:09:59Z,AEGIS-ENG-001,MSN-SYN-NORM,3206,113.7,697.0,3.65,82.6,15.9,2.77,28.2,30.6,24.1,35,1345,19.3,964,38.0
2026-09-20T08:10:00Z,AEGIS-ENG-001,MSN-SYN-NORM,3214,115.3,701.3,3.64,82.6,15.8,2.88,28.2,31.3,24.1,35,1300,19.4,965,38.0
2026-09-20T08:10:01Z,AEGIS-ENG-001,MSN-SYN-NORM,3217,114.6,699.3,3.59,82.9,16.0,2.91,28.2,31.1,24.1,35,1255,19.5,967,38.0
2026-09-20T08:10:02Z,AEGIS-ENG-001,MSN-SYN-NORM,3195,115.5,700.6,3.63,81.7,15.8,2.92,28.3,31.0,24.1,35,1210,19.6,969,38.0
2026-09-20T08:10:03Z,AEGIS-ENG-001,MSN-SYN-NORM,3196,114.8,697.1,3.64,82.5,15.9,2.82,28.2,30.6,24.1,35,1165,19.7,970,38.0
2026-09-20T08:10:04Z,AEGIS-ENG-001,MSN-SYN-NORM,3202,113.5,702.5,3.65,82.7,15.6,2.79,28.2,30.4,24.1,35,1120,19.8,972,38.0
2026-09-20T08:10:05Z,AEGIS-ENG-001,MSN-SYN-NORM,3184,113.3,700.2,3.65,81.1,15.9,2.85,28.2,30.8,24.1,35,1075,19.9,973,38.0
2026-09-20T08:10:06Z,AEGIS-ENG-001,MSN-SYN-NORM,3214,114.5,702.3,3.65,81.5,15.6,2.84,28.3,30.6,24.1,35,1030,20.0,975,38.0
2026-09-20T08:10:07Z,AEGIS-ENG-001,MSN-SYN-NORM,3195,115.4,698.6,3.55,82.9,15.6,2.78,28.1,30.8,24.1,35,985,20.0,977,38.0
2026-09-20T08:10:08Z,AEGIS-ENG-001,MSN-SYN-NORM,3189,113.9,698.6,3.65,82.5,15.8,2.86,28.2,30.8,24.1,35,940,20.1,978,38.0
2026-09-20T08:10:09Z,AEGIS-ENG-001,MSN-SYN-NORM,3213,114.6,697.7,3.61,82.1,15.8,2.84,28.3,31.0,24.1,35,895,20.2,980,38.0
2026-09-20T08:10:10Z,AEGIS-ENG-001,MSN-SYN-NORM,3189,114.3,702.8,3.59,82.2,15.9,2.85,28.3,30.4,24.1,35,850,20.3,982,38.0
2026-09-20T08:10:11Z,AEGIS-ENG-001,MSN-SYN-NORM,3209,115.9,699.8,3.58,81.2,15.9,2.79,28.2,30.8,24.1,35,805,20.4,983,38.0
2026-09-20T08:10:12Z,AEGIS-ENG-001,MSN-SYN-NORM,3191,114.7,698.0,3.56,82.5,16.0,2.95,28.1,31.1,24.1,35,760,20.5,985,38.0
2026-09-20T08:10:13Z,AEGIS-ENG-001,MSN-SYN-NORM,3186,113.5,701.5,3.58,82.2,15.6,2.93,28.2,30.9,24.1,35,715,20.6,987,38.0
2026-09-20T08:10:14Z,AEGIS-ENG-001,MSN-SYN-NORM,3200,113.8,700.9,3.63,81.7,15.7,2.88,28.2,30.9,24.1,35,670,20.7,988,38.0
2026-09-20T08:10:15Z,AEGIS-ENG-001,MSN-SYN-NORM,3213,115.3,698.7,3.60,82.4,15.6,2.97,28.2,30.6,24.1,35,625,20.8,990,38.0
2026-09-20T08:10:16Z,AEGIS-ENG-001,MSN-SYN-NORM,3219,116.2,699.2,3.58,81.5,15.8,2.85,28.2,30.7,24.1,35,580,20.9,991,38.0
2026-09-20T08:10:17Z,AEGIS-ENG-001,MSN-SYN-NORM,3186,114.2,697.9,3.58,82.3,15.5,2.97,28.1,31.2,24.1,35,535,20.9,993,38.0
2026-09-20T08:10:18Z,AEGIS-ENG-001,MSN-SYN-NORM,3212,114.0,697.7,3.57,82.4,16.0,2.81,28.3,30.7,24.1,35,500,21.0,994,38.0
2026-09-20T08:10:19Z,AEGIS-ENG-001,MSN-SYN-NORM,3208,116.0,698.3,3.61,81.6,15.9,2.90,28.1,31.2,24.1,35,500,21.0,994,38.0
2026-09-20T08:10:20Z,AEGIS-ENG-001,MSN-SYN-NORM,3209,115.0,698.6,3.62,82.1,15.7,2.86,28.1,30.5,24.1,35,500,21.0,994,38.0
2026-09-20T08:10:21Z,AEGIS-ENG-001,MSN-SYN-NORM,3197,116.0,702.0,3.60,83.0,16.0,2.77,28.2,30.4,24.1,35,500,21.0,994,38.0
2026-09-20T08:10:22Z,AEGIS-ENG-001,MSN-SYN-NORM,3198,115.9,702.2,3.57,83.0,15.5,2.96,28.3,30.5,24.1,35,500,21.0,994,38.0
2026-09-20T08:10:23Z,AEGIS-ENG-001,MSN-SYN-NORM,3213,115.2,700.7,3.57,83.1,15.9,2.81,28.2,30.6,24.1,35,500,21.0,994,38.0
2026-09-20T08:10:24Z,AEGIS-ENG-001,MSN-SYN-NORM,3206,115.2,698.4,3.65,82.8,15.8,2.78,28.3,30.4,24.1,35,500,21.0,994,38.0
2026-09-20T08:10:25Z,AEGIS-ENG-001,MSN-SYN-NORM,3216,114.3,697.3,3.61,83.0,16.0,2.95,28.1,30.6,24.1,35,500,21.0,994,38.0
2026-09-20T08:10:26Z,AEGIS-ENG-001,MSN-SYN-NORM,3210,113.6,697.2,3.57,81.3,15.8,2.86,28.2,31.3,24.1,35,500,21.0,994,38.0
2026-09-20T08:10:27Z,AEGIS-ENG-001,MSN-SYN-NORM,3198,113.7,697.4,3.63,82.4,15.7,2.94,28.1,30.7,24.1,35,500,21.0,994,38.0
2026-09-20T08:10:28Z,AEGIS-ENG-001,MSN-SYN-NORM,3190,114.8,698.8,3.63,81.3,16.0,2.85,28.3,30.7,24.1,35,500,21.0,994,38.0
2026-09-20T08:10:29Z,AEGIS-ENG-001,MSN-SYN-NORM,3203,114.1,698.4,3.65,81.9,15.9,2.90,28.1,30.6,24.1,35,500,21.0,994,38.0
2026-09-20T08:10:30Z,AEGIS-ENG-001,MSN-SYN-NORM,3184,113.8,702.8,3.55,82.1,15.5,2.80,28.2,30.9,24.1,35,500,21.0,994,38.0
2026-09-20T08:10:31Z,AEGIS-ENG-001,MSN-SYN-NORM,3195,115.3,697.7,3.62,83.1,15.5,2.82,28.2,30.8,24.1,35,500,21.0,994,38.0
2026-09-20T08:10:32Z,AEGIS-ENG-001,MSN-SYN-NORM,3193,113.6,701.6,3.56,81.9,15.6,2.88,28.1,31.0,24.1,35,500,21.0,994,38.0
2026-09-20T08:10:33Z,AEGIS-ENG-001,MSN-SYN-NORM,3194,113.7,699.1,3.56,82.9,15.7,2.85,28.2,30.8,24.1,35,500,21.0,994,38.0
2026-09-20T08:10:34Z,AEGIS-ENG-001,MSN-SYN-NORM,3203,114.7,701.2,3.56,81.8,15.5,2.86,28.2,30.9,24.1,35,500,21.0,994,38.0
2026-09-20T08:10:35Z,AEGIS-ENG-001,MSN-SYN-NORM,3216,114.9,699.6,3.63,82.9,15.7,2.84,28.1,30.9,24.1,35,500,21.0,994,38.0
2026-09-20T08:10:36Z,AEGIS-ENG-001,MSN-SYN-NORM,3213,115.7,697.2,3.56,82.6,16.0,2.94,28.1,31.2,24.1,35,500,21.0,994,38.0
2026-09-20T08:10:37Z,AEGIS-ENG-001,MSN-SYN-NORM,3205,115.1,702.2,3.57,82.4,16.0,2.84,28.3,31.2,24.1,35,500,21.0,994,38.0
2026-09-20T08:10:38Z,AEGIS-ENG-001,MSN-SYN-NORM,3186,115.1,699.9,3.55,81.8,15.8,2.82,28.2,30.9,24.1,35,500,21.0,994,38.0
2026-09-20T08:10:39Z,AEGIS-ENG-001,MSN-SYN-NORM,3185,115.2,701.2,3.55,81.8,15.7,2.87,28.2,30.6,24.1,35,500,21.0,994,38.0
2026-09-20T08:10:40Z,AEGIS-ENG-001,MSN-SYN-NORM,3206,114.7,699.1,3.56,81.7,15.5,2.93,28.3,31.3,24.1,35,500,21.0,994,38.0
2026-09-20T08:10:41Z,AEGIS-ENG-001,MSN-SYN-NORM,3186,114.6,696.8,3.63,81.3,15.8,2.79,28.3,30.7,24.1,35,500,21.0,994,38.0
2026-09-20T08:10:42Z,AEGIS-ENG-001,MSN-SYN-NORM,3219,115.1,700.3,3.61,82.2,15.6,2.89,28.2,30.8,24.1,35,500,21.0,994,38.0
2026-09-20T08:10:43Z,AEGIS-ENG-001,MSN-SYN-NORM,3200,115.4,700.0,3.60,81.6,16.0,2.89,28.3,31.3,24.1,35,500,21.0,994,38.0
2026-09-20T08:10:44Z,AEGIS-ENG-001,MSN-SYN-NORM,3207,114.0,700.8,3.57,81.9,15.6,2.94,28.1,30.5,24.1,35,500,21.0,994,38.0
2026-09-20T08:10:45Z,AEGIS-ENG-001,MSN-SYN-NORM,3212,114.1,700.9,3.58,82.7,15.6,2.86,28.1,30.7,24.1,35,500,21.0,994,38.0
2026-09-20T08:10:46Z,AEGIS-ENG-001,MSN-SYN-NORM,3212,116.0,701.5,3.56,81.5,15.7,2.96,28.2,30.9,24.1,35,500,21.0,994,38.0
2026-09-20T08:10:47Z,AEGIS-ENG-001,MSN-SYN-NORM,3199,115.2,700.7,3.58,81.7,15.5,2.89,28.3,31.2,24.1,35,500,21.0,994,38.0
2026-09-20T08:10:48Z,AEGIS-ENG-001,MSN-SYN-NORM,3212,113.8,699.0,3.56,82.1,15.6,2.96,28.3,30.3,24.1,35,500,21.0,994,38.0
2026-09-20T08:10:49Z,AEGIS-ENG-001,MSN-SYN-NORM,3192,113.8,698.5,3.57,81.3,15.5,2.83,28.3,31.3,24.1,35,500,21.0,994,38.0
2026-09-20T08:10:50Z,AEGIS-ENG-001,MSN-SYN-NORM,3214,113.5,698.6,3.60,81.2,16.0,2.86,28.1,31.2,24.1,35,500,21.0,994,38.0
2026-09-20T08:10:51Z,AEGIS-ENG-001,MSN-SYN-NORM,3194,113.8,698.5,3.56,81.5,16.0,2.88,28.1,30.5,24.1,35,500,21.0,994,38.0
2026-09-20T08:10:52Z,AEGIS-ENG-001,MSN-SYN-NORM,3188,114.2,696.9,3.59,81.9,15.7,2.96,28.3,31.0,24.1,35,500,21.0,994,38.0
2026-09-20T08:10:53Z,AEGIS-ENG-001,MSN-SYN-NORM,3203,113.7,700.6,3.63,81.4,15.6,2.91,28.2,31.3,24.1,35,500,21.0,994,38.0
2026-09-20T08:10:54Z,AEGIS-ENG-001,MSN-SYN-NORM,3181,114.7,700.9,3.54,82.9,15.6,2.82,28.2,30.5,24.1,35,500,21.0,994,38.0
2026-09-20T08:10:55Z,AEGIS-ENG-001,MSN-SYN-NORM,3218,114.4,698.4,3.64,82.6,15.5,2.90,28.1,31.1,24.1,35,500,21.0,994,38.0
2026-09-20T08:10:56Z,AEGIS-ENG-001,MSN-SYN-NORM,3183,115.2,701.5,3.56,82.2,15.7,2.81,28.2,30.8,24.1,35,500,21.0,994,38.0
2026-09-20T08:10:57Z,AEGIS-ENG-001,MSN-SYN-NORM,3199,115.0,697.5,3.64,81.4,15.7,2.88,28.3,30.5,24.1,35,500,21.0,994,38.0
2026-09-20T08:10:58Z,AEGIS-ENG-001,MSN-SYN-NORM,3207,115.9,698.7,3.62,81.7,15.9,2.79,28.2,30.8,24.1,35,500,21.0,994,38.0
2026-09-20T08:10:59Z,AEGIS-ENG-001,MSN-SYN-NORM,3181,114.9,702.2,3.58,82.6,15.6,2.86,28.1,31.0,24.1,35,500,21.0,994,38.0
2026-09-20T08:11:00Z,AEGIS-ENG-001,MSN-SYN-NORM,3185,114.9,702.2,3.59,82.5,15.7,2.79,28.3,30.4,24.1,35,500,21.0,994,38.0
2026-09-20T08:11:01Z,AEGIS-ENG-001,MSN-SYN-NORM,3218,114.6,701.3,3.56,82.4,15.7,2.95,28.2,30.7,24.1,35,500,21.0,994,38.0
2026-09-20T08:11:02Z,AEGIS-ENG-001,MSN-SYN-NORM,3190,115.8,698.0,3.56,81.7,15.5,2.92,28.1,30.6,24.1,35,500,21.0,994,38.0
2026-09-20T08:11:03Z,AEGIS-ENG-001,MSN-SYN-NORM,3216,114.0,698.0,3.62,82.7,15.6,2.89,28.2,30.7,24.1,35,500,21.0,994,38.0
2026-09-20T08:11:04Z,AEGIS-ENG-001,MSN-SYN-NORM,3209,115.1,698.3,3.63,82.9,15.9,2.93,28.1,30.4,24.1,35,500,21.0,994,38.0
2026-09-20T08:11:05Z,AEGIS-ENG-001,MSN-SYN-NORM,3219,115.4,697.0,3.56,82.4,16.0,2.90,28.3,30.6,24.1,35,500,21.0,994,38.0
2026-09-20T08:11:06Z,AEGIS-ENG-001,MSN-SYN-NORM,3201,115.1,697.8,3.63,82.4,15.8,2.97,28.2,31.3,24.1,35,500,21.0,994,38.0
2026-09-20T08:11:07Z,AEGIS-ENG-001,MSN-SYN-NORM,3195,114.5,698.5,3.57,81.5,15.5,2.80,28.2,30.6,24.1,35,500,21.0,994,38.0
2026-09-20T08:11:08Z,AEGIS-ENG-001,MSN-SYN-NORM,3217,115.5,701.4,3.61,81.6,15.7,2.85,28.2,30.8,24.1,35,500,21.0,994,38.0
2026-09-20T08:11:09Z,AEGIS-ENG-001,MSN-SYN-NORM,3211,114.1,702.5,3.62,82.0,15.9,2.79,28.1,30.4,24.1,35,500,21.0,994,38.0
2026-09-20T08:11:10Z,AEGIS-ENG-001,MSN-SYN-NORM,3201,115.8,699.3,3.60,82.7,16.0,2.87,28.1,30.4,24.1,35,500,21.0,994,38.0
2026-09-20T08:11:11Z,AEGIS-ENG-001,MSN-SYN-NORM,3204,113.9,699.9,3.57,81.9,15.5,2.91,28.2,30.5,24.1,35,500,21.0,994,38.0
2026-09-20T08:11:12Z,AEGIS-ENG-001,MSN-SYN-NORM,3196,114.9,701.0,3.64,81.2,15.8,2.87,28.1,30.7,24.1,35,500,21.0,994,38.0
2026-09-20T08:11:13Z,AEGIS-ENG-001,MSN-SYN-NORM,3183,114.1,697.2,3.59,81.9,15.9,2.78,28.2,30.8,24.1,35,500,21.0,994,38.0
2026-09-20T08:11:14Z,AEGIS-ENG-001,MSN-SYN-NORM,3204,114.4,698.8,3.64,81.4,15.7,2.97,28.2,31.1,24.1,35,500,21.0,994,38.0
2026-09-20T08:11:15Z,AEGIS-ENG-001,MSN-SYN-NORM,3219,116.4,702.2,3.63,81.3,15.7,2.88,28.1,30.8,24.1,35,500,21.0,994,38.0
2026-09-20T08:11:16Z,AEGIS-ENG-001,MSN-SYN-NORM,3217,116.3,700.5,3.59,83.0,15.5,2.94,28.1,30.6,24.1,35,500,21.0,994,38.0
2026-09-20T08:11:17Z,AEGIS-ENG-001,MSN-SYN-NORM,3189,115.0,696.9,3.57,81.9,15.7,2.81,28.2,31.1,24.1,35,500,21.0,994,38.0
2026-09-20T08:11:18Z,AEGIS-ENG-001,MSN-SYN-NORM,3202,114.4,702.8,3.63,82.8,15.6,2.95,28.2,31.2,24.1,35,500,21.0,994,38.0
2026-09-20T08:11:19Z,AEGIS-ENG-001,MSN-SYN-NORM,3215,114.9,702.5,3.59,81.9,15.6,2.95,28.3,31.0,24.1,35,500,21.0,994,38.0
2026-09-20T08:11:20Z,AEGIS-ENG-001,MSN-SYN-NORM,3219,113.6,701.7,3.59,81.7,15.5,2.95,28.2,31.0,24.1,35,500,21.0,994,38.0
2026-09-20T08:11:21Z,AEGIS-ENG-001,MSN-SYN-NORM,3192,113.7,700.6,3.55,82.2,15.8,2.85,28.2,30.7,24.1,35,500,21.0,994,38.0
2026-09-20T08:11:22Z,AEGIS-ENG-001,MSN-SYN-NORM,3218,113.7,701.0,3.64,82.9,15.8,2.86,28.2,30.7,24.1,35,500,21.0,994,38.0
2026-09-20T08:11:23Z,AEGIS-ENG-001,MSN-SYN-NORM,3190,116.1,701.6,3.59,81.6,16.0,2.94,28.2,31.0,24.1,35,500,21.0,994,38.0
2026-09-20T08:11:24Z,AEGIS-ENG-001,MSN-SYN-NORM,3208,114.4,699.6,3.64,81.3,15.7,2.86,28.1,31.0,24.1,35,500,21.0,994,38.0
2026-09-20T08:11:25Z,AEGIS-ENG-001,MSN-SYN-NORM,3197,115.8,700.0,3.56,82.1,15.9,2.78,28.2,31.2,24.1,35,500,21.0,994,38.0
2026-09-20T08:11:26Z,AEGIS-ENG-001,MSN-SYN-NORM,3209,113.8,698.7,3.57,82.5,15.8,2.89,28.1,30.4,24.1,35,500,21.0,994,38.0
2026-09-20T08:11:27Z,AEGIS-ENG-001,MSN-SYN-NORM,3213,115.6,699.9,3.57,83.1,15.7,2.85,28.2,30.8,24.1,35,500,21.0,994,38.0
2026-09-20T08:11:28Z,AEGIS-ENG-001,MSN-SYN-NORM,3194,116.0,700.9,3.54,81.7,15.9,2.85,28.2,31.3,24.1,35,500,21.0,994,38.0
2026-09-20T08:11:29Z,AEGIS-ENG-001,MSN-SYN-NORM,3201,116.1,700.4,3.56,82.9,15.8,2.94,28.3,31.1,24.1,35,500,21.0,994,38.0
2026-09-20T08:11:30Z,AEGIS-ENG-001,MSN-SYN-NORM,3190,115.3,698.6,3.59,82.5,16.0,2.89,28.2,30.6,24.1,35,500,21.0,994,38.0
2026-09-20T08:11:31Z,AEGIS-ENG-001,MSN-SYN-NORM,3208,113.8,698.4,3.57,81.4,15.7,2.95,28.2,30.9,24.1,35,500,21.0,994,38.0
2026-09-20T08:11:32Z,AEGIS-ENG-001,MSN-SYN-NORM,3194,114.3,701.0,3.61,82.9,15.5,2.80,28.1,30.6,24.1,35,500,21.0,994,38.0
2026-09-20T08:11:33Z,AEGIS-ENG-001,MSN-SYN-NORM,3220,115.7,698.2,3.55,82.0,15.7,2.97,28.3,30.7,24.1,35,500,21.0,994,38.0
2026-09-20T08:11:34Z,AEGIS-ENG-001,MSN-SYN-NORM,3211,114.4,701.2,3.59,82.6,15.5,2.78,28.3,31.0,24.1,35,500,21.0,994,38.0
2026-09-20T08:11:35Z,AEGIS-ENG-001,MSN-SYN-NORM,3197,115.1,696.9,3.57,82.7,15.7,2.87,28.2,30.8,24.1,35,500,21.0,994,38.0
2026-09-20T08:11:36Z,AEGIS-ENG-001,MSN-SYN-NORM,3207,113.5,700.3,3.57,81.4,16.0,2.78,28.3,30.4,24.1,35,500,21.0,994,38.0
2026-09-20T08:11:37Z,AEGIS-ENG-001,MSN-SYN-NORM,3201,115.5,699.5,3.58,81.6,15.7,2.85,28.2,30.6,24.1,35,500,21.0,994,38.0
2026-09-20T08:11:38Z,AEGIS-ENG-001,MSN-SYN-NORM,3185,114.7,696.9,3.56,82.5,15.9,2.81,28.2,31.3,24.1,35,500,21.0,994,38.0
2026-09-20T08:11:39Z,AEGIS-ENG-001,MSN-SYN-NORM,3198,114.4,699.7,3.62,82.6,15.5,2.96,28.1,30.7,24.1,35,500,21.0,994,38.0
2026-09-20T08:11:40Z,AEGIS-ENG-001,MSN-SYN-NORM,3208,113.6,701.7,3.63,83.1,15.9,2.84,28.1,30.8,24.1,35,500,21.0,994,38.0
2026-09-20T08:11:41Z,AEGIS-ENG-001,MSN-SYN-NORM,3186,114.6,698.7,3.55,83.0,15.7,2.91,28.2,31.0,24.1,35,500,21.0,994,38.0
2026-09-20T08:11:42Z,AEGIS-ENG-001,MSN-SYN-NORM,3194,115.8,700.1,3.57,82.2,15.8,2.93,28.2,30.7,24.1,35,500,21.0,994,38.0
2026-09-20T08:11:43Z,AEGIS-ENG-001,MSN-SYN-NORM,3192,116.1,698.3,3.62,82.4,16.0,2.79,28.1,31.0,24.1,35,500,21.0,994,38.0
2026-09-20T08:11:44Z,AEGIS-ENG-001,MSN-SYN-NORM,3214,116.4,701.7,3.56,81.1,15.8,2.84,28.3,30.6,24.1,35,500,21.0,994,38.0
2026-09-20T08:11:45Z,AEGIS-ENG-001,MSN-SYN-NORM,3212,116.5,699.8,3.55,81.7,15.9,2.87,28.1,31.1,24.1,35,500,21.0,994,38.0
2026-09-20T08:11:46Z,AEGIS-ENG-001,MSN-SYN-NORM,3195,113.7,702.0,3.62,82.6,16.0,2.89,28.2,31.2,24.1,35,500,21.0,994,38.0
2026-09-20T08:11:47Z,AEGIS-ENG-001,MSN-SYN-NORM,3214,113.6,698.7,3.58,81.7,16.0,2.88,28.3,30.8,24.1,35,500,21.0,994,38.0
2026-09-20T08:11:48Z,AEGIS-ENG-001,MSN-SYN-NORM,3181,114.9,697.7,3.55,82.3,15.5,2.94,28.1,30.9,24.1,35,500,21.0,994,38.0
2026-09-20T08:11:49Z,AEGIS-ENG-001,MSN-SYN-NORM,3185,114.2,700.5,3.55,82.3,15.6,2.79,28.2,31.0,24.1,35,500,21.0,994,38.0
2026-09-20T08:11:50Z,AEGIS-ENG-001,MSN-SYN-NORM,3218,115.3,700.5,3.59,82.6,15.7,2.95,28.3,30.5,24.1,35,500,21.0,994,38.0
2026-09-20T08:11:51Z,AEGIS-ENG-001,MSN-SYN-NORM,3181,114.2,702.1,3.55,81.1,15.8,2.96,28.1,30.4,24.1,35,500,21.0,994,38.0
2026-09-20T08:11:52Z,AEGIS-ENG-001,MSN-SYN-NORM,3190,115.1,700.5,3.56,83.0,16.0,2.89,28.2,31.3,24.1,35,500,21.0,994,38.0
2026-09-20T08:11:53Z,AEGIS-ENG-001,MSN-SYN-NORM,3195,114.7,697.0,3.58,81.3,16.0,2.82,28.3,31.0,24.1,35,500,21.0,994,38.0
2026-09-20T08:11:54Z,AEGIS-ENG-001,MSN-SYN-NORM,3213,115.0,699.3,3.65,82.6,16.0,2.95,28.2,31.0,24.1,35,500,21.0,994,38.0
2026-09-20T08:11:55Z,AEGIS-ENG-001,MSN-SYN-NORM,3196,116.2,698.6,3.63,82.3,16.0,2.91,28.3,31.1,24.1,35,500,21.0,994,38.0
2026-09-20T08:11:56Z,AEGIS-ENG-001,MSN-SYN-NORM,3188,115.9,700.6,3.55,82.7,15.9,2.85,28.2,31.3,24.1,35,500,21.0,994,38.0
2026-09-20T08:11:57Z,AEGIS-ENG-001,MSN-SYN-NORM,3188,116.4,701.3,3.55,81.5,16.0,2.87,28.2,30.7,24.1,35,500,21.0,994,38.0
2026-09-20T08:11:58Z,AEGIS-ENG-001,MSN-SYN-NORM,3217,114.6,700.6,3.61,82.8,16.0,2.91,28.2,30.4,24.1,35,500,21.0,994,38.0
2026-09-20T08:11:59Z,AEGIS-ENG-001,MSN-SYN-NORM,3210,115.5,701.2,3.59,82.3,15.6,2.87,28.2,30.6,24.1,35,500,21.0,994,38.0
2026-09-20T08:12:00Z,AEGIS-ENG-001,MSN-SYN-NORM,3201,115.3,700.9,3.59,81.6,15.5,2.88,28.1,30.4,24.1,35,500,21.0,994,38.0
2026-09-20T08:12:01Z,AEGIS-ENG-001,MSN-SYN-NORM,3182,114.1,702.5,3.62,82.9,15.7,2.80,28.3,30.4,24.1,35,500,21.0,994,38.0
2026-09-20T08:12:02Z,AEGIS-ENG-001,MSN-SYN-NORM,3192,114.6,697.1,3.57,82.1,15.7,2.88,28.3,31.2,24.1,35,500,21.0,994,38.0
2026-09-20T08:12:03Z,AEGIS-ENG-001,MSN-SYN-NORM,3204,114.0,699.8,3.57,81.8,15.5,2.79,28.3,30.9,24.1,35,500,21.0,994,38.0
2026-09-20T08:12:04Z,AEGIS-ENG-001,MSN-SYN-NORM,3199,113.7,700.9,3.60,81.3,15.5,2.78,28.2,31.1,24.1,35,500,21.0,994,38.0
2026-09-20T08:12:05Z,AEGIS-ENG-001,MSN-SYN-NORM,3182,114.6,699.0,3.57,81.9,16.0,2.90,28.3,31.0,24.1,35,500,21.0,994,38.0
2026-09-20T08:12:06Z,AEGIS-ENG-001,MSN-SYN-NORM,3202,114.5,697.0,3.62,82.8,15.9,2.93,28.2,31.2,24.1,35,500,21.0,994,38.0
2026-09-20T08:12:07Z,AEGIS-ENG-001,MSN-SYN-NORM,3195,115.3,700.4,3.63,82.6,15.5,2.82,28.1,31.0,24.1,35,500,21.0,994,38.0
2026-09-20T08:12:08Z,AEGIS-ENG-001,MSN-SYN-NORM,3195,115.3,700.9,3.63,81.7,16.0,2.86,28.1,30.9,24.1,35,500,21.0,994,38.0
2026-09-20T08:12:09Z,AEGIS-ENG-001,MSN-SYN-NORM,3200,113.6,701.4,3.64,81.3,15.9,2.96,28.2,31.2,24.1,35,500,21.0,994,38.0
2026-09-20T08:12:10Z,AEGIS-ENG-001,MSN-SYN-NORM,3187,114.6,697.0,3.61,82.8,15.9,2.85,28.2,31.0,24.1,35,500,21.0,994,38.0
2026-09-20T08:12:11Z,AEGIS-ENG-001,MSN-SYN-NORM,3183,115.3,702.2,3.53,81.6,15.8,2.83,28.2,30.9,24.1,35,500,21.0,994,38.0
2026-09-20T08:12:12Z,AEGIS-ENG-001,MSN-SYN-NORM,3191,113.7,698.2,3.63,82.1,15.6,2.87,28.3,31.1,24.1,35,500,21.0,994,38.0
2026-09-20T08:12:13Z,AEGIS-ENG-001,MSN-SYN-NORM,3180,114.9,699.8,3.63,82.2,16.0,2.88,28.3,30.6,24.1,35,500,21.0,994,38.0
2026-09-20T08:12:14Z,AEGIS-ENG-001,MSN-SYN-NORM,3186,116.0,699.5,3.63,81.8,15.8,2.90,28.2,30.6,24.1,35,500,21.0,994,38.0
2026-09-20T08:12:15Z,AEGIS-ENG-001,MSN-SYN-NORM,3196,115.1,697.8,3.58,81.3,15.6,2.85,28.1,30.6,24.1,35,500,21.0,994,38.0
2026-09-20T08:12:16Z,AEGIS-ENG-001,MSN-SYN-NORM,3186,114.9,696.8,3.61,81.8,15.7,2.94,28.2,30.4,24.1,35,500,21.0,994,38.0
2026-09-20T08:12:17Z,AEGIS-ENG-001,MSN-SYN-NORM,3219,114.1,701.2,3.61,82.1,16.0,2.79,28.1,31.1,24.1,35,500,21.0,994,38.0
2026-09-20T08:12:18Z,AEGIS-ENG-001,MSN-SYN-NORM,3183,113.8,697.1,3.61,81.3,16.0,2.96,28.3,31.0,24.1,35,500,21.0,994,38.0
2026-09-20T08:12:19Z,AEGIS-ENG-001,MSN-SYN-NORM,3187,114.7,700.6,3.63,81.1,15.9,2.96,28.1,30.7,24.1,35,500,21.0,994,38.0
2026-09-20T08:12:20Z,AEGIS-ENG-001,MSN-SYN-NORM,3182,114.2,699.1,3.63,82.5,16.0,2.87,28.1,30.5,24.1,35,500,21.0,994,38.0
2026-09-20T08:12:21Z,AEGIS-ENG-001,MSN-SYN-NORM,3218,114.3,701.0,3.58,82.7,15.5,2.96,28.2,31.1,24.1,35,500,21.0,994,38.0
2026-09-20T08:12:22Z,AEGIS-ENG-001,MSN-SYN-NORM,3208,115.4,702.1,3.61,82.2,15.9,2.97,28.2,30.7,24.1,35,500,21.0,994,38.0
2026-09-20T08:12:23Z,AEGIS-ENG-001,MSN-SYN-NORM,3216,116.4,701.1,3.54,81.9,15.5,2.97,28.2,31.2,24.1,35,500,21.0,994,38.0
2026-09-20T08:12:24Z,AEGIS-ENG-001,MSN-SYN-NORM,3202,114.7,699.9,3.56,82.0,15.9,2.86,28.2,30.8,24.1,35,500,21.0,994,38.0
2026-09-20T08:12:25Z,AEGIS-ENG-001,MSN-SYN-NORM,3182,115.1,700.4,3.58,82.4,16.0,2.87,28.2,30.9,24.1,35,500,21.0,994,38.0
2026-09-20T08:12:26Z,AEGIS-ENG-001,MSN-SYN-NORM,3186,116.4,701.8,3.62,82.3,15.9,2.81,28.2,31.1,24.1,35,500,21.0,994,38.0
2026-09-20T08:12:27Z,AEGIS-ENG-001,MSN-SYN-NORM,3210,116.1,701.0,3.56,82.8,16.0,2.90,28.2,31.0,24.1,35,500,21.0,994,38.0
2026-09-20T08:12:28Z,AEGIS-ENG-001,MSN-SYN-NORM,3204,115.9,699.0,3.62,81.3,15.8,2.91,28.1,31.2,24.1,35,500,21.0,994,38.0
2026-09-20T08:12:29Z,AEGIS-ENG-001,MSN-SYN-NORM,3181,116.4,699.8,3.56,83.0,15.8,2.89,28.1,30.9,24.1,35,500,21.0,994,38.0
2026-09-20T08:12:30Z,AEGIS-ENG-001,MSN-SYN-NORM,3180,113.6,702.4,3.57,81.9,16.0,2.84,28.1,31.3,24.1,35,500,21.0,994,38.0
2026-09-20T08:12:31Z,AEGIS-ENG-001,MSN-SYN-NORM,3195,115.8,698.1,3.54,81.3,15.9,2.96,28.1,30.7,24.1,35,500,21.0,994,38.0
2026-09-20T08:12:32Z,AEGIS-ENG-001,MSN-SYN-NORM,3208,116.1,697.7,3.63,81.8,15.9,2.86,28.2,31.1,24.1,35,500,21.0,994,38.0
2026-09-20T08:12:33Z,AEGIS-ENG-001,MSN-SYN-NORM,3188,115.1,702.7,3.57,82.1,15.8,2.91,28.1,30.3,24.1,35,500,21.0,994,38.0
2026-09-20T08:12:34Z,AEGIS-ENG-001,MSN-SYN-NORM,3186,116.1,702.3,3.56,82.9,15.9,2.94,28.2,31.2,24.1,35,500,21.0,994,38.0
2026-09-20T08:12:35Z,AEGIS-ENG-001,MSN-SYN-NORM,3193,113.9,699.6,3.59,81.9,15.5,2.81,28.2,30.7,24.1,35,500,21.0,994,38.0
2026-09-20T08:12:36Z,AEGIS-ENG-001,MSN-SYN-NORM,3208,115.7,697.9,3.62,81.9,15.8,2.83,28.1,30.9,24.1,35,500,21.0,994,38.0
2026-09-20T08:12:37Z,AEGIS-ENG-001,MSN-SYN-NORM,3210,115.3,700.8,3.64,82.3,15.5,2.79,28.2,30.5,24.1,35,500,21.0,994,38.0
2026-09-20T08:12:38Z,AEGIS-ENG-001,MSN-SYN-NORM,3184,114.4,697.9,3.63,82.2,15.8,2.93,28.3,30.7,24.1,35,500,21.0,994,38.0
2026-09-20T08:12:39Z,AEGIS-ENG-001,MSN-SYN-NORM,3208,116.4,699.4,3.55,82.3,16.0,2.92,28.1,31.1,24.1,35,500,21.0,994,38.0
2026-09-20T08:12:40Z,AEGIS-ENG-001,MSN-SYN-NORM,3216,115.3,698.9,3.58,82.3,15.8,2.94,28.3,30.5,24.1,35,500,21.0,994,38.0
2026-09-20T08:12:41Z,AEGIS-ENG-001,MSN-SYN-NORM,3217,114.2,701.5,3.59,81.2,15.6,2.95,28.3,30.8,24.1,35,500,21.0,994,38.0
2026-09-20T08:12:42Z,AEGIS-ENG-001,MSN-SYN-NORM,3186,115.4,701.9,3.61,82.3,15.9,2.89,28.3,30.8,24.1,35,500,21.0,994,38.0
2026-09-20T08:12:43Z,AEGIS-ENG-001,MSN-SYN-NORM,3219,116.2,699.0,3.61,81.8,15.5,2.81,28.2,30.6,24.1,35,500,21.0,994,38.0
2026-09-20T08:12:44Z,AEGIS-ENG-001,MSN-SYN-NORM,3210,115.8,701.9,3.63,83.0,15.8,2.84,28.1,30.7,24.1,35,500,21.0,994,38.0
2026-09-20T08:12:45Z,AEGIS-ENG-001,MSN-SYN-NORM,3215,113.9,702.3,3.62,81.9,15.8,2.83,28.3,31.2,24.1,35,500,21.0,994,38.0
2026-09-20T08:12:46Z,AEGIS-ENG-001,MSN-SYN-NORM,3220,113.7,698.2,3.65,82.5,15.5,2.84,28.2,30.9,24.1,35,500,21.0,994,38.0
2026-09-20T08:12:47Z,AEGIS-ENG-001,MSN-SYN-NORM,3189,116.3,697.0,3.62,82.7,15.7,2.83,28.1,30.9,24.1,35,500,21.0,994,38.0
2026-09-20T08:12:48Z,AEGIS-ENG-001,MSN-SYN-NORM,3187,114.5,699.8,3.59,82.0,15.7,2.79,28.2,30.5,24.1,35,500,21.0,994,38.0
2026-09-20T08:12:49Z,AEGIS-ENG-001,MSN-SYN-NORM,3208,114.5,702.7,3.59,82.4,16.0,2.87,28.2,31.1,24.1,35,500,21.0,994,38.0
2026-09-20T08:12:50Z,AEGIS-ENG-001,MSN-SYN-NORM,3213,116.4,696.9,3.61,81.3,16.0,2.86,28.1,30.9,24.1,35,500,21.0,994,38.0
2026-09-20T08:12:51Z,AEGIS-ENG-001,MSN-SYN-NORM,3197,114.9,699.0,3.63,82.7,16.0,2.89,28.2,30.9,24.1,35,500,21.0,994,38.0
2026-09-20T08:12:52Z,AEGIS-ENG-001,MSN-SYN-NORM,3185,116.5,700.9,3.57,81.4,15.9,2.82,28.2,30.7,24.1,35,500,21.0,994,38.0
2026-09-20T08:12:53Z,AEGIS-ENG-001,MSN-SYN-NORM,3180,114.8,702.6,3.55,82.5,15.5,2.91,28.1,30.7,24.1,35,500,21.0,994,38.0
2026-09-20T08:12:54Z,AEGIS-ENG-001,MSN-SYN-NORM,3184,115.7,697.3,3.56,82.4,15.5,2.80,28.3,30.9,24.1,35,500,21.0,994,38.0
2026-09-20T08:12:55Z,AEGIS-ENG-001,MSN-SYN-NORM,3201,115.3,702.4,3.56,81.7,15.9,2.97,28.2,30.6,24.1,35,500,21.0,994,38.0
2026-09-20T08:12:56Z,AEGIS-ENG-001,MSN-SYN-NORM,3182,114.5,701.1,3.59,82.6,15.8,2.93,28.3,31.0,24.1,35,500,21.0,994,38.0
2026-09-20T08:12:57Z,AEGIS-ENG-001,MSN-SYN-NORM,3189,114.7,696.9,3.59,81.4,15.7,2.97,28.2,30.4,24.1,35,500,21.0,994,38.0
2026-09-20T08:12:58Z,AEGIS-ENG-001,MSN-SYN-NORM,3208,115.4,697.3,3.64,82.3,15.9,2.91,28.2,30.4,24.1,35,500,21.0,994,38.0
2026-09-20T08:12:59Z,AEGIS-ENG-001,MSN-SYN-NORM,3215,115.9,701.2,3.55,82.3,16.0,2.91,28.2,30.7,24.1,35,500,21.0,994,38.0
2026-09-20T08:13:00Z,AEGIS-ENG-001,MSN-SYN-NORM,3181,113.9,702.5,3.64,82.1,15.7,2.90,28.1,30.7,24.1,35,500,21.0,994,38.0
2026-09-20T08:13:01Z,AEGIS-ENG-001,MSN-SYN-NORM,3198,116.5,699.1,3.54,82.1,15.9,2.97,28.3,31.2,24.1,35,500,21.0,994,38.0
2026-09-20T08:13:02Z,AEGIS-ENG-001,MSN-SYN-NORM,3183,113.5,696.9,3.62,82.1,15.6,2.91,28.3,31.2,24.1,35,500,21.0,994,38.0
2026-09-20T08:13:03Z,AEGIS-ENG-001,MSN-SYN-NORM,3183,113.8,696.8,3.55,81.7,15.7,2.90,28.2,30.8,24.1,35,500,21.0,994,38.0
2026-09-20T08:13:04Z,AEGIS-ENG-001,MSN-SYN-NORM,3217,115.9,701.9,3.55,81.3,15.9,2.80,28.1,30.4,24.1,35,500,21.0,994,38.0
2026-09-20T08:13:05Z,AEGIS-ENG-001,MSN-SYN-NORM,3192,115.9,698.8,3.59,81.1,16.0,2.94,28.2,30.7,24.1,35,500,21.0,994,38.0
2026-09-20T08:13:06Z,AEGIS-ENG-001,MSN-SYN-NORM,3198,115.0,697.5,3.63,81.1,15.9,2.93,28.3,31.1,24.1,35,500,21.0,994,38.0
2026-09-20T08:13:07Z,AEGIS-ENG-001,MSN-SYN-NORM,3189,114.7,699.0,3.56,82.6,15.7,2.84,28.3,30.4,24.1,35,500,21.0,994,38.0
2026-09-20T08:13:08Z,AEGIS-ENG-001,MSN-SYN-NORM,3182,115.0,699.8,3.64,82.4,15.6,2.80,28.1,30.5,24.1,35,500,21.0,994,38.0
2026-09-20T08:13:09Z,AEGIS-ENG-001,MSN-SYN-NORM,3202,116.1,697.6,3.54,82.5,15.7,2.97,28.2,30.7,24.1,35,500,21.0,994,38.0
2026-09-20T08:13:10Z,AEGIS-ENG-001,MSN-SYN-NORM,3203,115.2,700.9,3.64,82.9,15.6,2.85,28.3,30.7,24.1,35,500,21.0,994,38.0
2026-09-20T08:13:11Z,AEGIS-ENG-001,MSN-SYN-NORM,3210,115.1,702.4,3.63,83.0,15.6,2.87,28.2,31.2,24.1,35,500,21.0,994,38.0
2026-09-20T08:13:12Z,AEGIS-ENG-001,MSN-SYN-NORM,3210,114.9,700.9,3.61,82.1,15.9,2.81,28.2,31.1,24.1,35,500,21.0,994,38.0
2026-09-20T08:13:13Z,AEGIS-ENG-001,MSN-SYN-NORM,3214,115.8,697.4,3.58,81.9,15.5,2.88,28.1,31.1,24.1,35,500,21.0,994,38.0
2026-09-20T08:13:14Z,AEGIS-ENG-001,MSN-SYN-NORM,3197,114.5,700.9,3.61,82.4,16.0,2.90,28.3,30.9,24.1,35,500,21.0,994,38.0
2026-09-20T08:13:15Z,AEGIS-ENG-001,MSN-SYN-NORM,3189,115.4,699.4,3.54,83.0,15.8,2.97,28.2,30.8,24.1,35,500,21.0,994,38.0
2026-09-20T08:13:16Z,AEGIS-ENG-001,MSN-SYN-NORM,3188,114.7,697.5,3.56,82.5,15.7,2.88,28.2,30.9,24.1,35,500,21.0,994,38.0
2026-09-20T08:13:17Z,AEGIS-ENG-001,MSN-SYN-NORM,3198,115.0,701.7,3.60,82.6,15.6,2.82,28.2,30.5,24.1,35,500,21.0,994,38.0
2026-09-20T08:13:18Z,AEGIS-ENG-001,MSN-SYN-NORM,3195,115.7,702.2,3.64,81.5,16.0,2.79,28.2,30.6,24.1,35,500,21.0,994,38.0
2026-09-20T08:13:19Z,AEGIS-ENG-001,MSN-SYN-NORM,3205,115.2,702.0,3.61,82.2,16.0,2.97,28.2,30.5,24.1,35,500,21.0,994,38.0